id,name,usda_description,category,base_ingredient
"commercial-hummus","Commercial Hummus","Hummus, commercial","Produce",""
"grape-tomatoes","Grape Tomatoes","Tomatoes, grape, raw","Produce","tomato"
"snap-beans","Snap Beans","Beans, snap, green, canned, regular pack, drained solids","Produce","bean"
"frankfurter-beef","Frankfurter Beef","Frankfurter, beef, unheated","Protein","beef"
"dry-roasted-almonds","Dry Roasted Almonds","Nuts, almonds, dry roasted, with salt added","Nuts & Seeds","almond"
"kale","Kale","Kale, raw","Produce","kale"
"whole-egg","Whole Egg","Egg, whole, raw, frozen, pasteurized","Protein",""
"white-egg","White Egg","Egg, white, raw, frozen, pasteurized","Protein",""
"white-egg-protein","White Egg","Egg, white, dried","Protein",""
"cucumber-pickles","Cucumber Pickles","Pickles, cucumber, dill or kosher dill","Produce","cucumber"
"parmesan-cheese","Parmesan Cheese","Cheese, parmesan, grated","Dairy","cheese"
"pasteurized-process-cheese","Pasteurized Process Cheese","Cheese, pasteurized process, American, vitamin D fortified","Dairy","cheese"
"white-grapefruit-juice","White Grapefruit Juice","Grapefruit juice, white, canned or bottled, unsweetened","Produce",""
"yellow-peaches","Yellow Peaches","Peaches, yellow, raw","Produce",""
"dry-roasted-sunflower-seed-kernels","Dry Roasted Sunflower Seed Kernels","Seeds, sunflower seed kernels, dry roasted, with salt added","Nuts & Seeds","sunflower"
"mustard","Mustard","Mustard, prepared, yellow","Spices & Herbs",""
"green-kiwifruit","Green Kiwifruit","Kiwifruit, green, raw","Produce",""
"nectarines","Nectarines","Nectarines, raw","Produce",""
"cheddar-cheese","Cheddar Cheese","Cheese, cheddar","Dairy","cheese"
"cottage-cheese","Cottage Cheese","Cheese, cottage, lowfat, 2% milkfat","Dairy","cheese"
"mozzarella-cheese","Mozzarella Cheese","Cheese, mozzarella, low moisture, part-skim","Dairy","cheese"
"whole-egg-protein","Whole Egg","Egg, whole, dried","Protein",""
"yolk-egg","Yolk Egg","Egg, yolk, raw, frozen, pasteurized","Protein",""
"yolk-egg-protein","Yolk Egg","Egg, yolk, dried","Protein",""
"greek-yogurt","Greek Yogurt","Yogurt, Greek, plain, nonfat","Dairy","yogurt"
"greek-yogurt-dairy","Greek Yogurt","Yogurt, Greek, strawberry, nonfat","Dairy","yogurt"
"coconut-oil","Coconut Oil","Oil, coconut","Oils & Fats",""
"pasta-spaghettimarinara-sauce","Pasta Spaghetti/Marinara Sauce","Sauce, pasta, spaghetti/marinara, ready-to-serve","Condiments & Sauces",""
"ham-sliced","Ham Sliced","Ham, sliced, pre-packaged, deli meat (96%fat free, water added)","Protein","pork"
"green-olives","Green Olives","Olives, green, Manzanilla, stuffed with pimiento","Produce",""
"canned-tomatoes","Canned Tomatoes","Tomatoes, canned, red, ripe, diced","Produce","tomato"
"fish-haddock","Fish Haddock","Fish, haddock, raw","Protein",""
"fish-pollock","Fish Pollock","Fish, pollock, raw","Protein",""
"fish-tuna","Fish Tuna","Fish, tuna, light, canned in water, drained solids","Protein","tuna"
"beef-loin","Beef Loin","Beef, loin, top loin steak, boneless, lip-on, separable lean only, trimmed to 1/8"" fat, choice, raw","Protein","beef"
"beef-round","Beef Round","Beef, round, eye of round roast, boneless, separable lean only, trimmed to 0"" fat, select, raw","Protein","beef"
"beef-round-protein","Beef Round","Beef, round, top round roast, boneless, separable lean only, trimmed to 0"" fat, select, raw","Protein","beef"
"beef-short-loin","Beef Short Loin","Beef, short loin, porterhouse steak, separable lean only, trimmed to 1/8"" fat, select, raw","Protein","beef"
"frozen-carrots","Frozen Carrots","Carrots, frozen, unprepared","Produce","carrot"
"dry-white-cheese","Dry White Cheese","Cheese, dry white, queso seco","Dairy","cheese"
"ricotta-cheese","Ricotta Cheese","Cheese, ricotta, whole milk","Dairy","cheese"
"swiss-cheese","Swiss Cheese","Cheese, swiss","Dairy","cheese"
"dried-figs","Dried Figs","Figs, dried, uncooked","Produce",""
"cos-or-romaine-lettuce","Cos or Romaine Lettuce","Lettuce, cos or romaine, raw","Produce","lettuce"
"cantaloupe-melons","Cantaloupe Melons","Melons, cantaloupe, raw","Produce",""
"navels-oranges","Navels Oranges","Oranges, raw, navels","Produce","orange"
"lowfat-milk","Lowfat Milk","Milk, lowfat, fluid, 1% milkfat, with added vitamin A and vitamin D","Dairy","milk"
"bartlett-pears","Bartlett Pears","Pears, raw, bartlett","Produce",""
"salt","Salt","Salt, table, iodized","Spices & Herbs",""
"nonfat-milk","Nonfat Milk","Milk, nonfat, fluid, with added vitamin A and vitamin D (fat free or skim)","Dairy","milk"
"salsa-ready-to-serve-sauce","Salsa Ready-To-Serve Sauce","Sauce, salsa, ready-to-serve","Condiments & Sauces",""
"reduced-fat-milk","Reduced Fat Milk","Milk, reduced fat, fluid, 2% milkfat, with added vitamin A and vitamin D","Dairy","milk"
"whole-milk","Whole Milk","Milk, whole, 3.25% milkfat, with added vitamin D","Dairy","milk"
"sausage-turkey","Sausage Turkey","Sausage, turkey, breakfast links, mild, raw","Protein","turkey"
"granulated-sugars","Granulated Sugars","Sugars, granulated","Snacks",""
"ham-sliced-protein","Ham Sliced","Ham, sliced, restaurant","Protein","pork"
"american-cheese","American Cheese","Cheese, American, restaurant","Dairy","cheese"
"dry-medium-red-0-moisture-beans","Dry Medium Red (0% Moisture) Beans","Beans, Dry, Medium Red (0% moisture)","Produce","bean"
"dry-red-0-moisture-beans","Dry Red (0% Moisture) Beans","Beans, Dry, Red (0% moisture)","Produce","bean"
"dry-flor-de-mayo-0-moisture-beans","Dry Flor De Mayo (0% Moisture) Beans","Beans, Dry, Flor de Mayo (0% moisture)","Produce","bean"
"dry-brown-0-moisture-beans","Dry Brown (0% Moisture) Beans","Beans, Dry, Brown (0% moisture)","Produce","bean"
"dry-tan-0-moisture-beans","Dry Tan (0% Moisture) Beans","Beans, Dry, Tan (0% moisture)","Produce","bean"
"dry-light-tan-0-moisture-beans","Dry Light Tan (0% Moisture) Beans","Beans, Dry, Light Tan (0% moisture)","Produce","bean"
"dry-carioca-0-moisture-beans","Dry Carioca (0% Moisture) Beans","Beans, Dry, Carioca (0% moisture)","Produce","bean"
"dry-cranberry-0-moisture-beans","Dry Cranberry (0% Moisture) Beans","Beans, Dry, Cranberry (0% moisture)","Produce","bean"
"dry-light-red-kidney-0-moisture-beans","Dry Light Red Kidney (0% Moisture) Beans","Beans, Dry, Light Red Kidney (0% moisture)","Produce","bean"
"dry-pink-0-moisture-beans","Dry Pink (0% Moisture) Beans","Beans, Dry, Pink (0% moisture)","Produce","bean"
"dry-dark-red-kidney-0-moisture-beans","Dry Dark Red Kidney (0% Moisture) Beans","Beans, Dry, Dark Red Kidney (0% moisture)","Produce","bean"
"dry-navy-0-moisture-beans","Dry Navy (0% Moisture) Beans","Beans, Dry, Navy (0% moisture)","Produce","bean"
"dry-small-white-0-moisture-beans","Dry Small White (0% Moisture) Beans","Beans, Dry, Small White (0% moisture)","Produce","bean"
"dry-small-red-0-moisture-beans","Dry Small Red (0% Moisture) Beans","Beans, Dry, Small Red (0% moisture)","Produce","bean"
"dry-black-0-moisture-beans","Dry Black (0% Moisture) Beans","Beans, Dry, Black (0% moisture)","Produce","bean"
"dry-pinto-0-moisture-beans","Dry Pinto (0% Moisture) Beans","Beans, Dry, Pinto (0% moisture)","Produce","bean"
"dry-great-northern-0-moisture-beans","Dry Great Northern (0% Moisture) Beans","Beans, Dry, Great Northern (0% moisture)","Produce","bean"
"broccoli","Broccoli","Broccoli, raw","Produce","broccoli"
"restaurant-ketchup","Restaurant Ketchup","Ketchup, restaurant","Produce",""
"grade-a-eggs","Grade A Eggs","Eggs, Grade A, Large, egg white","Protein",""
"grade-a-eggs-protein","Grade A Eggs","Eggs, Grade A, Large, egg yolk","Protein",""
"canola-oil","Canola Oil","Oil, canola","Oils & Fats",""
"corn-oil","Corn Oil","Oil, corn","Oils & Fats",""
"soybean-oil","Soybean Oil","Oil, soybean","Oils & Fats",""
"olive-extra-virgin-oil","Olive Extra Virgin Oil","Oil, olive, extra virgin","Oils & Fats",""
"stick-butter","Stick Butter","Butter, stick, unsalted","Dairy","butter"
"wheat-all-purpose-flour","Wheat All-Purpose Flour","Flour, wheat, all-purpose, enriched, bleached","Grains & Cereals",""
"wheat-all-purpose-flour-grains-and-cereals","Wheat All-Purpose Flour","Flour, wheat, all-purpose, enriched, unbleached","Grains & Cereals",""
"whole-wheat-unenriched-flour","Whole Wheat Unenriched Flour","Flour, whole wheat, unenriched","Grains & Cereals",""
"bread-white-flour","Bread White Flour","Flour, bread, white, enriched, unbleached","Grains & Cereals",""
"rice-white-flour","Rice White Flour","Flour, rice, white, unenriched","Grains & Cereals",""
"corn-yellow-flour","Corn Yellow Flour","Flour, corn, yellow, fine meal, enriched","Grains & Cereals",""
"stick-butter-dairy","Stick Butter","Butter, stick, salted","Dairy","butter"
"red-onions","Red Onions","Onions, red, raw","Produce","onion"
"yellow-onions","Yellow Onions","Onions, yellow, raw","Produce","onion"
"garlic","Garlic","Garlic, raw","Produce","garlic"
"soy-defatted-flour","Soy Defatted Flour","Flour, soy, defatted","Produce",""
"soy-full-fat-flour","Soy Full-Fat Flour","Flour, soy, full-fat","Produce",""
"rice-brown-flour","Rice Brown Flour","Flour, rice, brown","Grains & Cereals",""
"rice-glutinous-flour","Rice Glutinous Flour","Flour, rice, glutinous","Grains & Cereals",""
"pastry-unenriched-flour","Pastry Unenriched Flour","Flour, pastry, unenriched, unbleached","Grains & Cereals",""
"white-onions","White Onions","Onions, white, raw","Produce","onion"
"overripe-bananas","Overripe Bananas","Bananas, overripe, raw","Produce",""
"ripe-and-slightly-ripe-bananas","Ripe and Slightly Ripe Bananas","Bananas, ripe and slightly ripe, raw","Produce",""
"red-delicious-apples","Red Delicious Apples","Apples, red delicious, with skin, raw","Produce","apple"
"fuji-apples","Fuji Apples","Apples, fuji, with skin, raw","Produce","apple"
"gala-apples","Gala Apples","Apples, gala, with skin, raw","Produce","apple"
"granny-smith-apples","Granny Smith Apples","Apples, granny smith, with skin, raw","Produce","apple"
"honeycrisp-apples","Honeycrisp Apples","Apples, honeycrisp, with skin, raw","Produce","apple"
"peanut-oil","Peanut Oil","Oil, peanut","Oils & Fats",""
"sunflower-oil","Sunflower Oil","Oil, sunflower","Oils & Fats",""
"safflower-oil","Safflower Oil","Oil, safflower","Oils & Fats",""
"olive-extra-light-oil","Olive Extra Light Oil","Oil, olive, extra light","Oils & Fats",""
"lions-mane-mushroom","Lion's Mane Mushroom","Mushroom, lion's mane","Produce","mushroom"
"oyster-mushroom","Oyster Mushroom","Mushroom, oyster","Produce","mushroom"
"shiitake-mushrooms","Shiitake Mushrooms","Mushrooms, shiitake","Produce","mushroom"
"white-button-mushrooms","White Button Mushrooms","Mushrooms, white button","Produce","mushroom"
"unsweetened-shelf-stable-soy-milk","Unsweetened Shelf Stable Soy Milk","Soy milk, unsweetened, plain, shelf stable","Produce",""
"unsweetened-shelf-stable-almond-milk","Unsweetened Shelf Stable Almond Milk","Almond milk, unsweetened, plain, shelf stable","Beverages",""
"baby-spinach","Baby Spinach","Spinach, baby","Produce","spinach"
"mature-spinach","Mature Spinach","Spinach, mature","Produce","spinach"
"roma-tomato","Roma Tomato","Tomato, roma","Produce","tomato"
"00-flour","00 Flour","Flour, 00","Grains & Cereals",""
"spelt-whole-grain-flour","Spelt Whole Grain Flour","Flour, spelt, whole grain","Grains & Cereals",""
"semolina-coarse-and-semi-coarse-flour","Semolina Coarse and Semi-Coarse Flour","Flour, semolina, coarse and semi-coarse","Grains & Cereals",""
"semolina-fine-flour","Semolina Fine Flour","Flour, semolina, fine","Grains & Cereals",""
"with-added-vitamin-c-apple-juice","With Added Vitamin C Apple Juice","Apple juice, with added vitamin C, from concentrate, shelf stable","Produce","apple"
"no-pulp-orange-juice","No Pulp Orange Juice","Orange juice, no pulp, not fortified, from concentrate, refrigerated","Produce","orange"
"purple-grape-juice","Purple Grape Juice","Grape juice, purple, with added vitamin C, from concentrate, shelf stable","Produce","grape"
"white-grape-juice","White Grape Juice","Grape juice, white, with added vitamin C, from concentrate, shelf stable","Produce","grape"
"not-fortified-cranberry-juice","Not Fortified Cranberry Juice","Cranberry juice, not fortified, from concentrate, shelf stable","Produce",""
"red-grapefruit-juice","Red Grapefruit Juice","Grapefruit juice, red, not fortified, not from concentrate, refrigerated","Produce",""
"with-added-ingredients-tomato-juice","With Added Ingredients Tomato Juice","Tomato juice, with added ingredients, from concentrate, shelf stable","Produce","tomato"
"no-pulp-orange-juice-produce","No Pulp Orange Juice","Orange juice, no pulp, not fortified, not from concentrate, refrigerated","Produce","orange"
"portabella-mushroom","Portabella Mushroom","Mushroom, portabella","Produce","mushroom"
"king-oyster-mushroom","King Oyster Mushroom","Mushroom, king oyster","Produce","mushroom"
"enoki-mushroom","Enoki Mushroom","Mushroom, enoki","Produce","mushroom"
"crimini-mushroom","Crimini Mushroom","Mushroom, crimini","Produce","mushroom"
"maitake-mushroom","Maitake Mushroom","Mushroom, maitake","Produce","mushroom"
"beech-mushroom","Beech Mushroom","Mushroom, beech","Produce","mushroom"
"pioppini-mushroom","Pioppini Mushroom","Mushroom, pioppini","Produce","mushroom"
"sweetened-refrigerated-soy-milk","Sweetened Refrigerated Soy Milk","Soy milk, sweetened, plain, refrigerated","Produce",""
"unsweetened-refrigerated-almond-milk","Unsweetened Refrigerated Almond Milk","Almond milk, unsweetened, plain, refrigerated","Beverages",""
"unsweetened-refrigerated-oat-milk","Unsweetened Refrigerated Oat Milk","Oat milk, unsweetened, plain, refrigerated","Beverages",""
"mature-carrots","Mature Carrots","Carrots, mature, raw","Produce","carrot"
"baby-carrots","Baby Carrots","Carrots, baby, raw","Produce","carrot"
"bell-peppers","Bell Peppers","Peppers, bell, green, raw","Produce","pepper"
"bell-peppers-produce","Bell Peppers","Peppers, bell, yellow, raw","Produce","pepper"
"low-fat-buttermilk","Low Fat Buttermilk","Buttermilk, low fat","Dairy",""
"whole-milk-yogurt","Whole Milk Yogurt","Yogurt, plain, whole milk","Dairy","milk"
"parmesan-cheese-dairy","Parmesan Cheese","Cheese, parmesan, grated, refrigerated","Dairy","cheese"
"feta-cheese","Feta Cheese","Cheese, feta, whole milk, crumbled","Dairy","cheese"
"almond-flour","Almond Flour","Flour, almond","Nuts & Seeds","almond"
"oat-whole-grain-flour","Oat Whole Grain Flour","Flour, oat, whole grain","Grains & Cereals",""
"potato-flour","Potato Flour","Flour, potato","Produce","potato"
"creamy-peanut-butter","Creamy Peanut Butter","Peanut butter, creamy","Produce",""
"creamy-sesame-butter","Creamy Sesame Butter","Sesame butter, creamy","Nuts & Seeds","sesame"
"creamy-almond-butter","Creamy Almond Butter","Almond butter, creamy","Nuts & Seeds","almond"
"flaxseed","Flaxseed","Flaxseed, ground","Nuts & Seeds","flaxseed"
"full-fat-cottage-cheese","Full Fat Cottage Cheese","Cottage cheese, full fat, large or small curd","Dairy","cheese"
"full-fat-cream-cheese","Full Fat Cream Cheese","Cream cheese, full fat, block","Dairy","cream"
"heavy-cream","Heavy Cream","Cream, heavy","Dairy","cream"
"sour-cream","Sour Cream","Cream, sour, full fat","Dairy","cream"
"iceberg-lettuce","Iceberg Lettuce","Lettuce, iceberg, raw","Produce","lettuce"
"romaine-lettuce","Romaine Lettuce","Lettuce, romaine, green, raw","Produce","lettuce"
"leaf-lettuce","Leaf Lettuce","Lettuce, leaf, red, raw","Produce","lettuce"
"leaf-lettuce-produce","Leaf Lettuce","Lettuce, leaf, green, raw","Produce","lettuce"
"pine-nuts","Pine Nuts","Nuts, pine nuts, raw","Nuts & Seeds","pine"
"whole-almonds","Whole Almonds","Nuts, almonds, whole, raw","Nuts & Seeds","almond"
"english-walnuts","English Walnuts","Nuts, walnuts, English, halves, raw","Nuts & Seeds","walnut"
"halves-pecans","Halves Pecans","Nuts, pecans, halves, raw","Nuts & Seeds","pecan"
"whole-grain-rolled-oats","Whole Grain Rolled Oats","Oats, whole grain, rolled, old fashioned","Grains & Cereals",""
"whole-grain-steel-cut-oats","Whole Grain Steel Cut Oats","Oats, whole grain, steel cut","Grains & Cereals",""
"pineapple","Pineapple","Pineapple, raw","Produce","pineapple"
"sweet-cherries","Sweet Cherries","Cherries, sweet, dark red, raw","Produce","cherry"
"snap-beans-produce","Snap Beans","Beans, snap, green, raw","Produce","bean"
"russet-potatoes","Russet Potatoes","Potatoes, russet, without skin, raw","Produce","potato"
"red-potatoes","Red Potatoes","Potatoes, red, without skin, raw","Produce","potato"
"gold-potatoes","Gold Potatoes","Potatoes, gold, without skin, raw","Produce","potato"
"orange-flesh-sweet-potatoes","Orange Flesh Sweet Potatoes","Sweet potatoes, orange flesh, without skin, raw","Produce","potato"
"celery","Celery","Celery, raw","Produce","celery"
"with-peel-cucumber","With Peel Cucumber","Cucumber, with peel, raw","Produce","cucumber"
"green-cabbage","Green Cabbage","Cabbage, green, raw","Produce","cabbage"
"red-cabbage","Red Cabbage","Cabbage, red, raw","Produce","cabbage"
"strawberries","Strawberries","Strawberries, raw","Produce",""
"raspberries","Raspberries","Raspberries, raw","Produce",""
"blueberries","Blueberries","Blueberries, raw","Produce",""
"red-grapes","Red Grapes","Grapes, red, seedless, raw","Produce","grape"
"green-grapes","Green Grapes","Grapes, green, seedless, raw","Produce","grape"
"unsweetened-applesauce","Unsweetened Applesauce","Applesauce, unsweetened, with added vitamin C","Produce",""
"amaranth-flour","Amaranth Flour","Flour, amaranth","Grains & Cereals",""
"quinoa-flour","Quinoa Flour","Flour, quinoa","Grains & Cereals",""
"sorghum-flour","Sorghum Flour","Flour, sorghum","Grains & Cereals",""
"buckwheat-flour","Buckwheat Flour","Flour, buckwheat","Grains & Cereals",""
"rye-flour","Rye Flour","Flour, rye","Grains & Cereals",""
"barley-flour","Barley Flour","Flour, barley","Grains & Cereals",""
"cassava-flour","Cassava Flour","Flour, cassava","Produce",""
"whole-grain-buckwheat","Whole Grain Buckwheat","Buckwheat, whole grain","Grains & Cereals",""
"whole-grain-millet","Whole Grain Millet","Millet, whole grain","Grains & Cereals",""
"brown-long-grain-rice","Brown Long Grain Rice","Rice, brown, long grain, unenriched, raw","Grains & Cereals",""
"white-long-grain-rice","White Long Grain Rice","Rice, white, long grain, unenriched, raw","Grains & Cereals",""
"beef-90-lean-meat-10-fat","Beef 90% Lean Meat / 10% Fat","Beef, ground, 90% lean meat / 10% fat, raw","Protein","beef"
"beef-80-lean-meat-20-fat","Beef 80% Lean Meat / 20% Fat","Beef, ground, 80% lean meat / 20% fat, raw","Protein","beef"
"pork","Pork","Pork, ground, raw","Protein","pork"
"chicken-with-additives","Chicken with Additives","Chicken, ground, with additives, raw","Protein","chicken"
"turkey-93-lean-7-fat","Turkey 93% Lean/ 7% Fat","Turkey, ground, 93% lean/ 7% fat, raw","Protein","turkey"
"brazilnuts","Brazilnuts","Nuts, brazilnuts, raw","Nuts & Seeds","brazilnuts"
"cashew-nuts","Cashew Nuts","Nuts, cashew nuts, raw","Nuts & Seeds","cashew"
"hazelnuts-or-filberts","Hazelnuts or Filberts","Nuts, hazelnuts or filberts, raw","Nuts & Seeds","hazelnut"
"peanuts","Peanuts","Peanuts, raw","Produce",""
"chestnut-flour","Chestnut Flour","Flour, chestnut","Nuts & Seeds","chestnut"
"macadamia-nuts","Macadamia Nuts","Nuts, macadamia nuts, raw","Nuts & Seeds","macadamia"
"pistachio-nuts","Pistachio Nuts","Nuts, pistachio nuts, raw","Nuts & Seeds","pistachio"
"pumpkin-seeds-pepitas","Pumpkin Seeds (Pepitas)","Seeds, pumpkin seeds (pepitas), raw","Nuts & Seeds","pumpkin"
"kernel-sunflower-seed","Kernel Sunflower Seed","Seeds, sunflower seed, kernel, raw","Nuts & Seeds","sunflower"
"coconut-flour","Coconut Flour","Flour, coconut","Nuts & Seeds","coconut"
"cannellini-dry-beans","Cannellini Dry Beans","Beans, cannellini, dry","Produce","bean"
"garbanzo-beans-bengal-gram-chickpeas","(Garbanzo Beans Bengal Gram) Chickpeas","Chickpeas, (garbanzo beans, bengal gram), dry","Produce","bean"
"dry-lentils","Dry Lentils","Lentils, dry","Produce","lentil"
"dry-blackeye-pea","Dry Blackeye Pea","Blackeye pea, dry","Produce","pea"
"black-canned-beans","Black Canned Beans","Beans, black, canned, sodium added, drained and rinsed","Produce","bean"
"navy-canned-beans","Navy Canned Beans","Beans, navy, canned, sodium added, drained and rinsed","Produce","bean"
"cannellini-canned-beans","Cannellini Canned Beans","Beans, cannellini, canned, sodium added, drained and rinsed","Produce","bean"
"bengal-gram-canned-chickpeas-garbanzo-beans","Bengal Gram) Canned Chickpeas (Garbanzo Beans","Chickpeas (garbanzo beans, bengal gram), canned, sodium added, drained and rinsed","Produce","bean"
"kidney-dark-red-beans","Kidney Dark Red Beans","Beans, kidney, dark red, canned, sodium added, sugar added, drained and rinsed","Produce","bean"
"kidney-light-red-beans","Kidney Light Red Beans","Beans, kidney, light red, canned, sodium added, sugar added, drained and rinsed","Produce","bean"
"green-peas","Green Peas","Peas, green, sweet, canned, sodium added, sugar added, drained and rinsed","Produce","pea"
"pinto-canned-beans","Pinto Canned Beans","Beans, pinto, canned, sodium added, drained and rinsed","Produce","bean"
"canned-sodium-added-blackeye-pea","Canned Sodium Added Blackeye Pea","Blackeye pea, canned, sodium added, drained and rinsed","Produce","pea"
"great-northern-canned-beans","Great Northern Canned Beans","Beans, great northern, canned, sodium added, drained and rinsed","Produce","bean"
"pork-loin","Pork Loin","Pork, loin, boneless, raw","Protein","pork"
"pork-loin-protein","Pork Loin","Pork, loin, tenderloin, boneless, raw","Protein","pork"
"chicken-breast","Chicken Breast","Chicken, breast, boneless, skinless, raw","Protein","chicken"
"chicken-thigh","Chicken Thigh","Chicken, thigh, boneless, skinless, raw","Protein","chicken"
"beef-ribeye","Beef Ribeye","Beef, ribeye, steak, boneless, choice, raw","Protein","beef"
"beef-chuck","Beef Chuck","Beef, chuck, roast, boneless, choice, raw","Protein","beef"
"beef-flank","Beef Flank","Beef, flank, steak, boneless, choice, raw","Protein","beef"
"nonfat-yogurt","Nonfat Yogurt","Yogurt, plain, nonfat","Dairy","yogurt"
"monterey-jack-cheese","Monterey Jack Cheese","Cheese, monterey jack, solid","Dairy","cheese"
"pasteurized-process-cheese-food-or-product-cheese","Pasteurized Process Cheese Food or Product Cheese","Cheese, pasteurized process cheese food or product, American, singles","Dairy","cheese"
"provolone-cheese","Provolone Cheese","Cheese, provolone, sliced","Dairy","cheese"
"oaxaca-cheese","Oaxaca Cheese","Cheese, oaxaca, solid","Dairy","cheese"
"queso-fresco-cheese","Queso Fresco Cheese","Cheese, queso fresco, solid","Dairy","cheese"
"cotija-cheese","Cotija Cheese","Cheese, cotija, solid","Dairy","cheese"
"fish-salmon","Fish Salmon","Fish, salmon, sockeye, wild caught, raw","Protein","salmon"
"fish-salmon-protein","Fish Salmon","Fish, salmon, Atlantic, farm raised, raw","Protein","salmon"
"fish-tilapia","Fish Tilapia","Fish, tilapia, farm raised, raw","Protein","tilapia"
"crustaceans-shrimp","Crustaceans Shrimp","Crustaceans, shrimp, farm raised, raw","Protein","shrimp"
"fish-cod","Fish Cod","Fish, cod, Atlantic, wild caught, raw","Protein","cod"
"fish-catfish","Fish Catfish","Fish, catfish, farm raised, raw","Protein","catfish"
"crustaceans-crab","Crustaceans Crab","Crustaceans, crab, blue swimming, lump, pasteurized, refrigerated","Protein","crab"
"summer-squash","Summer Squash","Squash, summer, green, zucchini, includes skin, raw","Produce","squash"
"summer-squash-produce","Summer Squash","Squash, summer, yellow, includes skin, raw","Produce","squash"
"winter-squash","Winter Squash","Squash, winter, butternut, raw","Produce","squash"
"winter-squash-produce","Winter Squash","Squash, winter, acorn, raw","Produce","squash"
"bok-choy-cabbage","Bok Choy Cabbage","Cabbage, bok choy, raw","Produce","cabbage"
"cauliflower","Cauliflower","Cauliflower, raw","Produce","cauliflower"
"collards","Collards","Collards, raw","Produce",""
"brussels-sprouts","Brussels Sprouts","Brussels sprouts, raw","Produce",""
"beets","Beets","Beets, raw","Produce",""
"eggplant","Eggplant","Eggplant, raw","Produce","eggplant"
"whole-tomatoes","Whole Tomatoes","Tomatoes, whole, canned, solids and liquids, with salt added","Produce","tomato"
"sauce-tomato","Sauce Tomato","Tomato, sauce, canned, with salt added","Produce","tomato"
"paste-tomato","Paste Tomato","Tomato, paste, canned, without salt added","Produce","tomato"
"crushed-tomatoes","Crushed Tomatoes","Tomatoes, crushed, canned","Produce","tomato"
"puree-tomato","Puree Tomato","Tomato, puree, canned","Produce","tomato"
"with-skin-apricot","With Skin Apricot","Apricot, with skin, raw","Produce",""
"honeydew-melons","Honeydew Melons","Melons, honeydew, raw","Produce",""
"ripe-plantains","Ripe Plantains","Plantains, ripe, raw","Produce",""
"underripe-plantains","Underripe Plantains","Plantains, underripe, raw","Produce",""
"dry-chia-seeds","Dry Chia Seeds","Chia seeds, dry, raw","Grains & Cereals",""
"dry-bulgur","Dry Bulgur","Bulgur, dry, raw","Grains & Cereals",""
"dry-wild-rice","Dry Wild Rice","Wild rice, dry, raw","Grains & Cereals",""
"baby-arugula","Baby Arugula","Arugula, baby, raw","Produce",""
"green-asparagus","Green Asparagus","Asparagus, green, raw","Produce","asparagus"
"hass-avocado","Hass Avocado","Avocado, Hass, peeled, raw","Produce","avocado"
"black-unenriched-rice","Black Unenriched Rice","Rice, black, unenriched, raw","Grains & Cereals",""
"sweet-corn","Sweet Corn","Corn, sweet, yellow and white kernels,  fresh, raw","Produce","corn"
"grain-dry-einkorn","Grain Dry Einkorn","Einkorn, grain, dry, raw","Grains & Cereals",""
"pearled-dry-farro","Pearled Dry Farro","Farro, pearled, dry, raw","Grains & Cereals",""
"grain-dry-fonio","Grain Dry Fonio","Fonio, grain, dry, raw","Grains & Cereals",""
"grain-dry-khorasan","Grain Dry Khorasan","Khorasan, grain, dry, raw","Grains & Cereals",""
"green-kiwifruit-kiwi","Green Kiwifruit (Kiwi)","Kiwifruit (kiwi), green, peeled, raw","Produce",""
"seedless-mandarin","Seedless Mandarin","Mandarin, seedless, peeled, raw","Produce",""
"tommy-atkins-mango","Tommy Atkins Mango","Mango, Tommy Atkins, peeled, raw","Produce","mango"
"ataulfo-mango","Ataulfo Mango","Mango, Ataulfo, peeled, raw","Produce","mango"
"masa-harina-white-or-yellow-corn-flour","Masa Harina White or Yellow Corn Flour","Corn flour, masa harina, white or yellow, dry, raw","Grains & Cereals",""
"anjou-pear","Anjou Pear","Pear, Anjou, green, with skin, raw","Produce","pear"
"black-plum","Black Plum","Plum, black, with skin, raw","Produce","plum"
"red-unenriched-rice","Red Unenriched Rice","Rice, red, unenriched, dry, raw","Grains & Cereals",""
"white-unenriched-sorghum-bran","White Unenriched Sorghum Bran","Sorghum bran, white, unenriched, dry, raw","Grains & Cereals",""
"white-pearled-sorghum-flour","White Pearled Sorghum Flour","Sorghum flour, white, pearled, unenriched, dry, raw","Grains & Cereals",""
"white-pearled-sorghum-grain","White Pearled Sorghum Grain","Sorghum grain, white, pearled, unenriched, dry, raw","Grains & Cereals",""
"whole-grain-white-sorghum","Whole Grain White Sorghum","Sorghum, whole grain, white, dry, raw","Grains & Cereals",""
"overripe-plantains","Overripe Plantains","Plantains, overripe, raw","Produce",""
"shake-n-bake-original-recipe-coating-for-pork-kraft-foods","Shake N Bake Original Recipe Coating For Pork Kraft Foods","Kraft Foods, Shake N Bake Original Recipe, Coating for Pork, dry","Baking Supplies",""
"corn-tostada-shells","Corn Tostada Shells","Tostada shells, corn","Baking Supplies",""
"ready-to-bake-or-fry-flour-tortillas","Ready-To-Bake or -Fry Flour Tortillas","Tortillas, ready-to-bake or -fry, flour, shelf stable","Baking Supplies",""
"unsweetened-liquid-baking-chocolate","Unsweetened Liquid Baking Chocolate","Baking chocolate, unsweetened, liquid","Snacks",""
"unsweetened-squares-baking-chocolate","Unsweetened Squares Baking Chocolate","Baking chocolate, unsweetened, squares","Snacks",""
"canadian-cultivated-emi-tsunomata-seaweed","Canadian Cultivated Emi-Tsunomata Seaweed","Seaweed, Canadian Cultivated EMI-TSUNOMATA, dry","Produce",""
"canadian-cultivated-emi-tsunomata-seaweed-produce","Canadian Cultivated Emi-Tsunomata Seaweed","Seaweed, Canadian Cultivated EMI-TSUNOMATA, rehydrated","Produce",""
"hash-brown-potatoes","Hash Brown Potatoes","Potatoes, hash brown, refrigerated, unprepared","Produce","potato"
"meat-raw-alaska-native-moose","Meat Raw (Alaska Native) Moose","Moose, meat, raw (Alaska Native)","Other",""
"raw-alaska-native-mashu-roots","Raw (Alaska Native) Mashu Roots","Mashu roots, raw (Alaska Native)","Other",""
"bearded-oogruk-meat-seal","Bearded (Oogruk) Meat Seal","Seal, bearded (Oogruk), meat, raw (Alaska Native)","Other",""
"bearded-seal-oogruk-alaska-native-oil","Bearded Seal (Oogruk) (Alaska Native) Oil","Oil, bearded seal (Oogruk) (Alaska Native)","Other",""
"whole-animal-alaska-native-oopah-tunicate","Whole Animal (Alaska Native) Oopah (Tunicate)","Oopah (tunicate), whole animal (Alaska Native)","Other",""
"horned-flesh-owl","Horned Flesh Owl","Owl, horned, flesh, raw (Alaska Native)","Other",""
"salmon-king-fish","Salmon King Fish","Fish, salmon, king, chinook, liver (Alaska Native)","Other",""
"scoter-white-winged-duck","Scoter White-Winged Duck","Duck, scoter, white-winged, meat (Alaska Native)","Other",""
"yane-alaska-native-sea-cucumber","Yane (Alaska Native) Sea Cucumber","Sea cucumber, yane (Alaska Native)","Other",""
"meat-alaska-native-squirrel","Meat (Alaska Native) Squirrel","Squirrel, ground, meat (Alaska Native)","Other",""
"tundra-herb-and-laborador-combination-alaska-native-tea","Tundra Herb and Laborador Combination (Alaska Native) Tea","Tea, tundra, herb and laborador combination (Alaska Native)","Other",""
"meat-dried-alaska-native-walrus","Meat Dried (Alaska Native) Walrus","Walrus, meat, dried (Alaska Native)","Other",""
"sitka-raw-alaska-native-deer-venison","Sitka Raw (Alaska Native) Deer (Venison)","Deer (venison), sitka, raw (Alaska Native)","Other",""
"bowhead-subcutaneous-fat-blubber-alaska-native-whale","Bowhead Subcutaneous Fat (Blubber) (Alaska Native) Whale","Whale, bowhead, subcutaneous fat (blubber) (Alaska Native)","Other",""
"bowhead-skin-and-subcutaneous-fat-muktuk-alaska-native-whale","Bowhead Skin and Subcutaneous Fat (Muktuk) (Alaska Native) Whale","Whale, bowhead, skin and subcutaneous fat (muktuk) (Alaska Native)","Other",""
"whale-bowhead-alaska-native-oil","Whale Bowhead (Alaska Native) Oil","Oil, whale, bowhead (Alaska Native)","Other",""
"whitefish-broad-fish","Whitefish Broad Fish","Fish, whitefish, broad, liver (Alaska Native)","Other",""
"blue-corn-with-ash-navajo-mush","Blue Corn with Ash (Navajo) Mush","Mush, blue corn with ash (Navajo)","Other",""
"blue-navajo-cornmeal","Blue (Navajo) Cornmeal","Cornmeal, blue (Navajo)","Other",""
"banana-navajo-melon","Banana (Navajo) Melon","Melon, banana (Navajo)","Other",""
"chilchen-red-berry-beverage-navajo","Chilchen (Red Berry Beverage) (Navajo)","Chilchen (Red Berry Beverage) (Navajo)","Other",""
"dried-navajo-corn","Dried (Navajo) Corn","Corn, dried (Navajo)","Other",""
"kneel-down-navajo-bread","Kneel Down (Navajo) Bread","Bread, kneel down (Navajo)","Other",""
"made-with-lard-navajo-frybread","Made with Lard (Navajo) Frybread","Frybread, made with lard (Navajo)","Other",""
"tamales-navajo","Tamales (Navajo)","Tamales (Navajo)","Other",""
"halibut-with-skin-alaska-native-fish","Halibut with Skin (Alaska Native) Fish","Fish, halibut, raw, with skin (Alaska Native)","Other",""
"salmon-coho-silver-fish","Salmon Coho (Silver) Fish","Fish, salmon, coho (silver), raw (Alaska Native)","Other",""
"wild-raw-alaska-native-blueberries","Wild Raw (Alaska Native) Blueberries","Blueberries, wild, raw (Alaska Native)","Other",""
"spotted-seal-alaska-native-oil","Spotted Seal (Alaska Native) Oil","Oil, spotted seal (Alaska Native)","Other",""
"salmon-red-fish","Salmon Red Fish","Fish, salmon, red, canned, bones removed (Alaska Native)","Other",""
"whitefish-eggs-alaska-native-fish","Whitefish Eggs (Alaska Native) Fish","Fish, whitefish, eggs (Alaska Native)","Other",""
"rump-meat-half-dried-alaska-native-caribou","Rump Meat Half Dried (Alaska Native) Caribou","Caribou, rump meat, half dried (Alaska Native)","Other",""
"salmon-red-fish-other","Salmon Red Fish","Fish, salmon, red, (sockeye), kippered (Alaska Native)","Other",""
"salmon-king-fish-other","Salmon King Fish","Fish, salmon, king, with skin, kippered, (Alaska Native)","Other",""
"sheefish-raw-alaska-native-fish","Sheefish Raw (Alaska Native) Fish","Fish, sheefish, raw (Alaska Native)","Other",""
"free-range-top-round-steak-buffalo","Free Range Top Round Steak Buffalo","Buffalo, free range, top round steak, raw (Shoshone Bannock)","Other",""
"bearded-oogruk-meat-seal-other","Bearded (Oogruk) Meat Seal","Seal, bearded (Oogruk), meat, partially dried (Alaska Native)","Other",""
"free-range-roast-elk","Free Range Roast Elk","Elk, free range, roast, eye of round, raw (Shoshone Bannock)","Other",""
"dried-yellow-northern-plains-indians-corn","Dried Yellow (Northern Plains Indians) Corn","Corn, dried, yellow (Northern Plains Indians)","Other",""
"dried-alaska-native-smelt","Dried (Alaska Native) Smelt","Smelt, dried (Alaska Native)","Other",""
"made-with-lard-apache-frybread","Made with Lard (Apache) Frybread","Frybread, made with lard (Apache)","Other",""
"corned-beef-and-potatoes-in-tortilla-apache","Corned Beef and Potatoes in Tortilla (Apache)","Corned beef and potatoes in tortilla (Apache)","Other",""
"dry-powdered-mix-low-calorie-fruit-flavored-drink","Dry Powdered Mix Low Calorie Fruit-Flavored Drink","Beverages, fruit-flavored drink, dry powdered mix, low calorie, with aspartame","Beverages",""
"liquid-pectin","Liquid Pectin","Pectin, liquid","Snacks",""
"creamy-dressing-made-with-sour-cream-andor-buttermilk-and-oil","Creamy Dressing Made with Sour Cream And/Or Buttermilk and Oil","Creamy dressing, made with sour cream and/or buttermilk and oil, reduced calorie","Oils & Fats",""
"bologna-beef-and-pork","Bologna Beef and Pork","Bologna, beef and pork, low fat","Protein","beef"
"frozen-whipped-topping","Frozen Whipped Topping","Whipped topping, frozen, low fat","Dairy",""
"powdered-cream-substitute","Powdered Cream Substitute","Cream substitute, powdered, light","Dairy","cream"
"vegetable-oil-butter-spread-reduced-calorie-oil","Vegetable Oil-Butter Spread Reduced Calorie Oil","Vegetable oil-butter spread, reduced calorie","Oils & Fats",""
"salad-dressing-blue-or-roquefort-cheese-dressing-oil","Salad Dressing Blue or Roquefort Cheese Dressing Oil","Salad dressing, blue or roquefort cheese dressing, light","Oils & Fats",""
"salad-dressing-french-dressing-oil","Salad Dressing French Dressing Oil","Salad dressing, french dressing, reduced calorie","Oils & Fats",""
"mayonnaise-made-with-tofu-oil","Mayonnaise Made with Tofu Oil","Mayonnaise, made with tofu","Oils & Fats",""
"frankfurter-beef-protein","Frankfurter Beef","Frankfurter, beef, low fat","Protein","beef"
"buttermilk-milk","Buttermilk Milk","Milk, buttermilk, fluid, cultured, reduced fat","Dairy","milk"
"salad-dressing-blue-or-roquefort-cheese-dressing-oil-oils-and-fats","Salad Dressing Blue or Roquefort Cheese Dressing Oil","Salad dressing, blue or roquefort cheese dressing, fat-free","Oils & Fats",""
"salad-dressing-mayonnaise-like-oil","Salad Dressing Mayonnaise-Like Oil","Salad Dressing, mayonnaise-like, fat-free","Oils & Fats",""
"flaxseed-cold-pressed-oil","Flaxseed Cold Pressed Oil","Oil, flaxseed, cold pressed","Oils & Fats",""
"cottage-cheese-dairy","Cottage Cheese","Cheese, cottage, lowfat, 1% milkfat, lactose reduced","Dairy","cheese"
"salad-dressing-bacon-and-tomato-oil","Salad Dressing Bacon and Tomato Oil","Salad dressing, bacon and tomato","Oils & Fats",""
"preserves-marmalade-jams","Preserves Marmalade Jams","Jams, preserves, marmalade, reduced sugar","Snacks",""
"powder-with-high-vitamin-c-with-other-added-vitamins-fruit-flavored-drink","Powder with High Vitamin C with Other Added Vitamins Fruit-Flavored Drink","Beverages, fruit-flavored drink, powder, with high vitamin C with other added vitamins, low calorie","Beverages",""
"low-sodium-tomato-and-vegetable-juice","Low Sodium Tomato and Vegetable Juice","Tomato and vegetable juice, low sodium","Produce","tomato"
"whey-and-milk-based-chocolate-flavored-drink","Whey and Milk Based Chocolate-Flavored Drink","Beverages, Chocolate-flavored drink, whey and milk based","Beverages",""
"hearts-of-palm","Hearts of Palm","Hearts of palm, raw","Produce",""
"yeast-extract-spread","Yeast Extract Spread","Yeast extract spread","Produce",""
"tofu-yogurt","Tofu Yogurt","Tofu yogurt","Produce",""
"rice-sake-alcoholic-beverage","Rice (Sake) Alcoholic Beverage","Alcoholic beverage, rice (sake)","Beverages",""
"imitation-milk","Imitation Milk","Milk, imitation, non-soy","Dairy","milk"
"mozzarella-cheese-dairy","Mozzarella Cheese","Cheese, mozzarella, low sodium","Dairy","cheese"
"mayonnaise-dressing-no-cholesterol-oil","Mayonnaise Dressing No Cholesterol Oil","Mayonnaise dressing, no cholesterol","Oils & Fats",""
"corn-peanut-oil","Corn Peanut Oil","Oil, corn, peanut, and olive","Oils & Fats",""
"non-alcoholic-concentrated-cocktail-mix","Non-Alcoholic Concentrated Cocktail Mix","Beverages, Cocktail mix, non-alcoholic, concentrated, frozen","Beverages",""
"cane-syrup","Cane Syrup","Syrup, Cane","Snacks",""
"mollusks-snail","Mollusks Snail","Mollusks, snail, raw","Protein",""
"turtle-green","Turtle Green","Turtle, green, raw","Protein",""
"without-peel-lemons","Without Peel Lemons","Lemons, raw, without peel","Produce",""
"lemon-juice","Lemon Juice","Lemon juice, raw","Produce","lemon"
"canned-or-bottled-lemon-juice-from-concentrate","Canned or Bottled Lemon Juice From Concentrate","Lemon juice from concentrate, canned or bottled","Produce","lemon"
"lemon-peel","Lemon Peel","Lemon peel, raw","Produce","lemon"
"prickly-pears","Prickly Pears","Prickly pears, raw","Produce",""
"dried-prunes-plums","Dried (Prunes) Plums","Plums, dried (prunes), stewed, without added sugar","Produce",""
"dried-prunes-plums-produce","Dried (Prunes) Plums","Plums, dried (prunes), stewed, with added sugar","Produce",""
"canned-prune-juice","Canned Prune Juice","Prune juice, canned","Produce",""
"pummelo","Pummelo","Pummelo, raw","Produce",""
"canned-raspberries","Canned Raspberries","Raspberries, canned, red, heavy syrup pack, solids and liquids","Produce",""
"frozen-raspberries","Frozen Raspberries","Raspberries, frozen, red, sweetened","Produce",""
"rhubarb","Rhubarb","Rhubarb, raw","Produce",""
"sapodilla","Sapodilla","Sapodilla, raw","Produce",""
"mamey-sapote","Mamey Sapote","Sapote, mamey, raw","Produce",""
"soursop","Soursop","Soursop, raw","Produce",""
"tamarinds","Tamarinds","Tamarinds, raw","Produce",""
"tropical-fruit-salad","Tropical Fruit Salad","Fruit salad, (pineapple and papaya and banana and guava), tropical, canned, heavy syrup, solids and liquids","Produce",""
"watermelon","Watermelon","Watermelon, raw","Produce",""
"canned-maraschino-cherries","Canned Maraschino Cherries","Maraschino cherries, canned, drained","Produce","cherry"
"canned-pineapple","Canned Pineapple","Pineapple, canned, juice pack, drained","Produce","pineapple"
"canned-apricots","Canned Apricots","Apricots, canned, heavy syrup, drained","Produce",""
"sour-cherries","Sour Cherries","Cherries, sour, canned, water pack, drained","Produce","cherry"
"sweet-cherries-produce","Sweet Cherries","Cherries, sweet, canned, pitted, heavy syrup, drained","Produce","cherry"
"canned-applesauce","Canned Applesauce","Applesauce, canned, sweetened, with salt","Produce",""
"pink-grapefruit-juice","Pink Grapefruit Juice","Grapefruit juice, pink, raw","Produce",""
"frozen-concentrate-apple-juice","Frozen Concentrate Apple Juice","Apple juice, frozen concentrate, unsweetened, diluted with 3 volume water, with added ascorbic acid","Produce","apple"
"red-anjou-pears","Red Anjou Pears","Pears, raw, red anjou","Produce",""
"bosc-includes-foods-for-usdas-food-distribution-program-pears","Bosc (Includes Foods For Usda's Food Distribution Program) Pears","Pears, raw, bosc (Includes foods for USDA's Food Distribution Program)","Produce",""
"prune-puree","Prune Puree","Prune puree","Produce",""
"candied-fruit","Candied Fruit","Candied fruit","Produce",""
"abiyuch","Abiyuch","Abiyuch, raw","Produce",""
"rowal","Rowal","Rowal, raw","Produce",""
"canned-guava-nectar","Canned Guava Nectar","Guava nectar, canned, with added ascorbic acid","Produce",""
"canned-mango-nectar","Canned Mango Nectar","Mango nectar, canned","Produce","mango"
"canned-tamarind-nectar","Canned Tamarind Nectar","Tamarind nectar, canned","Produce",""
"bottled-pomegranate-juice","Bottled Pomegranate Juice","Pomegranate juice, bottled","Produce",""
"canned-nance","Canned Nance","Nance, canned, syrup, drained","Produce",""
"frozen-nance","Frozen Nance","Nance, frozen, unsweetened","Produce",""
"frozen-naranjilla-lulo-pulp","Frozen Naranjilla (Lulo) Pulp","Naranjilla (lulo) pulp, frozen, unsweetened","Produce",""
"horned-melon-kiwano","Horned Melon (Kiwano)","Horned melon (Kiwano)","Produce","melon"
"orange-pineapple-juice-blend","Orange Pineapple Juice Blend","Orange Pineapple Juice Blend","Produce","pineapple"
"chilled-orange-juice","Chilled Orange Juice","Orange juice, chilled, includes from concentrate, with added calcium and vitamins A, D, E","Produce","orange"
"naked-juice-fruit-juice-smoothie","Naked Juice Fruit Juice Smoothie","Fruit juice smoothie, NAKED JUICE, MIGHTY MANGO","Produce",""
"naked-juice-fruit-juice-smoothie-produce","Naked Juice Fruit Juice Smoothie","Fruit juice smoothie, NAKED JUICE, GREEN MACHINE","Produce",""
"bolthouse-farms-fruit-juice-smoothie","Bolthouse Farms Fruit Juice Smoothie","Fruit juice smoothie, BOLTHOUSE FARMS, BERRY BOOST","Produce",""
"bolthouse-farms-fruit-juice-smoothie-produce","Bolthouse Farms Fruit Juice Smoothie","Fruit juice smoothie, BOLTHOUSE FARMS, GREEN GOODNESS","Produce",""
"canned-or-bottled-apple-juice","Canned or Bottled Apple Juice","Apple juice, canned or bottled, unsweetened, with added ascorbic acid, calcium, and potassium","Produce","apple"
"bottled-lemon-juice-from-concentrate","Bottled Lemon Juice From Concentrate","Lemon juice from concentrate, bottled, CONCORD","Produce","lemon"
"bottled-lemon-juice-from-concentrate-produce","Bottled Lemon Juice From Concentrate","Lemon juice from concentrate, bottled, REAL LEMON","Produce","lemon"
"whole-cranberry-sauce","Whole Cranberry Sauce","Cranberry sauce, whole, canned, OCEAN SPRAY","Produce",""
"jellied-cranberry-sauce","Jellied Cranberry Sauce","Cranberry sauce, jellied, canned, OCEAN SPRAY","Produce",""
"grape-ruby-red-grapefruit-juice-blend-grapefruit","Grape Ruby Red Grapefruit Juice Blend (Grapefruit","Ruby Red grapefruit juice blend (grapefruit, grape, apple), OCEAN SPRAY, bottled, with added vitamin C","Produce","grape"
"baobab-powder","Baobab Powder","Baobab powder","Produce",""
"tart-cherry-juice","Tart Cherry Juice","Cherry juice, tart","Produce","cherry"
"puree-raspberries","Puree Raspberries","Raspberries, puree, seedless","Produce",""
"puree-raspberries-produce","Puree Raspberries","Raspberries, puree, with seeds","Produce",""
"pork-fresh","Pork Fresh","Pork, fresh, composite of trimmed leg, loin, shoulder, and spareribs, (includes cuts to be cured), separable lean and fat, raw","Protein","pork"
"pork-fresh-protein","Pork Fresh","Pork, fresh, backfat, raw","Protein","pork"
"canadian-bacon","Canadian Bacon","Canadian bacon, unprepared","Protein","pork"
"pork-cured","Pork Cured","Pork, cured, feet, pickled","Protein","pork"
"pork-cured-protein","Pork Cured","Pork, cured, ham, patties, unheated","Protein","pork"
"hormel-cure-81-ham","Hormel Cure 81 Ham","HORMEL, Cure 81 Ham","Protein","pork"
"hormel-always-tender-pork-tenderloin","Hormel Always Tender Pork Tenderloin","HORMEL ALWAYS TENDER, Pork Tenderloin, Teriyaki-Flavored","Protein","pork"
"hormel-canadian-style-bacon","Hormel Canadian Style Bacon","HORMEL Canadian Style Bacon","Protein","pork"
"mexican-squares-baking-chocolate","Mexican Squares Baking Chocolate","Baking chocolate, mexican, squares","Snacks",""
"frozen-sweet-potato-puffs","Frozen Sweet Potato Puffs","Sweet Potato puffs, frozen, unprepared","Produce","potato"
"roots-alaska-native-mouse-nuts","Roots (Alaska Native) Mouse Nuts","Mouse nuts, roots (Alaska Native)","Other",""
"seedlings-alaska-native-mouse-nuts","Seedlings (Alaska Native) Mouse Nuts","Mouse nuts, seedlings (Alaska Native)","Other",""
"octopus-alaska-native","Octopus (Alaska Native)","Octopus (Alaska Native)","Other",""
"pike-northern-fish","Pike Northern Fish","Fish, pike, northern, liver (Alaska Native)","Other",""
"wild-leaves-alaska-native-rhubarb","Wild Leaves (Alaska Native) Rhubarb","Rhubarb, wild, leaves (Alaska Native)","Other",""
"salmon-tipnuk-fish","Salmon Tipnuk Fish","Fish, salmon, tipnuk, fermented (Alaska Native)","Other",""
"ringed-meat-alaska-native-seal","Ringed Meat (Alaska Native) Seal","Seal, ringed, meat (Alaska Native)","Other",""
"ringed-liver-alaska-native-seal","Ringed Liver (Alaska Native) Seal","Seal, ringed, liver (Alaska Native)","Other",""
"young-leaves-alaska-native-sourdock","Young Leaves (Alaska Native) Sourdock","Sourdock, young leaves (Alaska Native)","Other",""
"meat-raw-alaska-native-walrus","Meat Raw (Alaska Native) Walrus","Walrus, meat, raw (Alaska Native)","Other",""
"meat-and-subcutaneous-fat-raw-alaska-native-walrus","Meat and Subcutaneous Fat Raw (Alaska Native) Walrus","Walrus, meat and subcutaneous fat raw (Alaska Native)","Other",""
"liver-raw-alaska-native-walrus","Liver Raw (Alaska Native) Walrus","Walrus, liver, raw (Alaska Native)","Other",""
"walrus-alaska-native-oil","Walrus (Alaska Native) Oil","Oil, walrus (Alaska Native)","Other",""
"whitefish-mixed-species-fish","Whitefish Mixed Species Fish","Fish, whitefish, mixed species, raw (Alaska Native)","Other",""
"whitefish-broad-fish-other","Whitefish Broad Fish","Fish, whitefish, broad, head, eyes, cheeks and soft bones (Alaska Native)","Other",""
"leaves-in-oil-alaska-native-willow","Leaves in Oil (Alaska Native) Willow","Willow, leaves in oil (Alaska Native)","Other",""
"young-leaves-chopped-alaska-native-willow","Young Leaves Chopped (Alaska Native) Willow","Willow, young leaves, chopped (Alaska Native)","Other",""
"white-navajo-cornmeal","White (Navajo) Cornmeal","Cornmeal, white (Navajo)","Other",""
"yellow-navajo-cornmeal","Yellow (Navajo) Cornmeal","Cornmeal, yellow (Navajo)","Other",""
"indian-raw-navajo-squash","Indian Raw (Navajo) Squash","Squash, Indian, raw (Navajo)","Other",""
"salmon-sockeye-red-fish","Salmon Sockeye (Red) Fish","Fish, salmon, sockeye (red), raw (Alaska Native)","Other",""
"salmon-chum-fish","Salmon Chum Fish","Fish, Salmon, Chum, raw (Alaska Native)","Other",""
"salmon-king-chinook-fish","Salmon King (Chinook) Fish","Fish, salmon, king (chinook), raw (Alaska Native)","Other",""
"raw-alaska-native-salmonberries","Raw (Alaska Native) Salmonberries","Salmonberries, raw (Alaska Native)","Other",""
"shoulder-meat-dried-alaska-native-caribou","Shoulder Meat Dried (Alaska Native) Caribou","Caribou, shoulder meat, dried (Alaska Native)","Other",""
"hind-quarter-meat-raw-alaska-native-caribou","Hind Quarter Meat Raw (Alaska Native) Caribou","Caribou, hind quarter meat, raw (Alaska Native)","Other",""
"whitefish-dried-alaska-native-fish","Whitefish Dried (Alaska Native) Fish","Fish, whitefish, dried (Alaska Native)","Other",""
"salmon-chum-fish-other","Salmon Chum Fish","Fish, salmon, chum, dried (Alaska Native)","Other",""
"free-range-raw-shoshone-bannock-elk","Free Range Raw (Shoshone Bannock) Elk","Elk, free range, ground, raw (Shoshone Bannock)","Other",""
"pitted-shoshone-bannock-chokecherries","Pitted (Shoshone Bannock) Chokecherries","Chokecherries, raw, pitted (Shoshone Bannock)","Other",""
"dried-flesh-shoshone-bannock-steelhead-trout","Dried Flesh (Shoshone Bannock) Steelhead Trout","Steelhead trout, dried, flesh (Shoshone Bannock)","Other",""
"american-or-cheddar-imitation-cheese","American or Cheddar Imitation Cheese","Imitation cheese, american or cheddar, low cholesterol","Dairy","cheese"
"ham-turkey","Ham Turkey","Ham, turkey, sliced, extra lean, prepackaged or deli","Protein","pork"
"salad-dressing-peppercorn-dressing-oil","Salad Dressing Peppercorn Dressing Oil","Salad dressing, peppercorn dressing, commercial, regular","Oils & Fats",""
"mayonnaise-reduced-calorie-or-diet-oil","Mayonnaise Reduced-Calorie or Diet Oil","Mayonnaise, reduced-calorie or diet, cholesterol-free","Oils & Fats",""
"salad-dressing-italian-dressing-oil","Salad Dressing Italian Dressing Oil","Salad dressing, italian dressing, reduced calorie","Oils & Fats",""
"liquid-cream-substitute","Liquid Cream Substitute","Cream substitute, liquid, light","Dairy","cream"
"monterey-cheese","Monterey Cheese","Cheese, monterey, low fat","Dairy","cheese"
"creamy-dressing-made-with-sour-cream-andor-buttermilk-and-oil-oils-and-fats","Creamy Dressing Made with Sour Cream And/Or Buttermilk and Oil","Creamy dressing, made with sour cream and/or buttermilk and oil, reduced calorie, fat-free","Oils & Fats",""
"bologna-beef","Bologna Beef","Bologna, beef, low fat","Protein","beef"
"papad","Papad","Papad","Produce",""
"salad-dressing-coleslaw-oil","Salad Dressing Coleslaw Oil","Salad Dressing, coleslaw, reduced fat","Oils & Fats",""
"salad-dressing-mayonnaise-and-mayonnaise-type-oil","Salad Dressing Mayonnaise and Mayonnaise-Type Oil","Salad dressing, mayonnaise and mayonnaise-type, low calorie","Oils & Fats",""
"mayonnaise-low-sodium-oil","Mayonnaise Low Sodium Oil","Mayonnaise, low sodium, low calorie or diet","Oils & Fats",""
"beef-bologna","Beef Bologna","Beef, bologna, reduced sodium","Protein","beef"
"canned-turnip-greens","Canned Turnip Greens","Turnip greens, canned, no salt added","Produce","turnip"
"pasteurized-process-cheese-dairy","Pasteurized Process Cheese","Cheese, pasteurized process, cheddar or American, low sodium","Dairy","cheese"
"instant-with-whitener-coffee","Instant with Whitener Coffee","Beverages, coffee, instant, with whitener, reduced calorie","Beverages",""
"low-calorie-with-vitamin-c-added-cranberry-apple-juice-drink","Low Calorie with Vitamin C Added Cranberry-Apple Juice Drink","Beverages, cranberry-apple juice drink, low calorie, with vitamin C added","Beverages",""
"swiss-cheese-dairy","Swiss Cheese","Cheese, swiss, low sodium","Dairy","cheese"
"jellyfish-dried","Jellyfish Dried","Jellyfish, dried, salted","Protein",""
"frankfurter-low-sodium","Frankfurter Low Sodium","Frankfurter, low sodium","Protein",""
"tabletop-fructose-sweeteners","Tabletop Fructose Sweeteners","Sweeteners, tabletop, fructose, liquid","Snacks",""
"reduced-sugar-home-preserved-jellies","Reduced Sugar Home Preserved Jellies","Jellies, reduced sugar, home preserved","Snacks",""
"vital-wheat-gluten","Vital Wheat Gluten","Vital wheat gluten","Grains & Cereals",""
"frog-legs","Frog Legs","Frog legs, raw","Protein",""
"fish-mackerel","Fish Mackerel","Fish, mackerel, salted","Protein","mackerel"
"java-plum","Java-Plum","Java-plum, (jambolan), raw","Produce",""
"jujube","Jujube","Jujube, raw","Produce",""
"chinese-jujube","Chinese Jujube","Jujube, Chinese, fresh, dried","Produce",""
"kumquats","Kumquats","Kumquats, raw","Produce",""
"limes","Limes","Limes, raw","Produce",""
"lime-juice","Lime Juice","Lime juice, raw","Produce","lime"
"canned-or-bottled-lime-juice","Canned or Bottled Lime Juice","Lime juice, canned or bottled, unsweetened","Produce","lime"
"dried-blueberries","Dried Blueberries","Blueberries, dried, sweetened","Produce",""
"canned-prunes","Canned Prunes","Prunes, canned, heavy syrup pack, solids and liquids","Produce",""
"dehydrated-low-moisture-prunes","Dehydrated (Low-Moisture) Prunes","Prunes, dehydrated (low-moisture), uncooked","Produce",""
"quinces","Quinces","Quinces, raw","Produce",""
"golden-raisins","Golden Raisins","Raisins, golden, seedless","Produce",""
"dark-raisins","Dark Raisins","Raisins, dark, seedless (Includes foods for USDA's Food Distribution Program)","Produce",""
"seeded-raisins","Seeded Raisins","Raisins, seeded","Produce",""
"canned-rambutan","Canned Rambutan","Rambutan, canned, syrup pack","Produce",""
"frozen-rhubarb","Frozen Rhubarb","Rhubarb, frozen, uncooked","Produce",""
"roselle","Roselle","Roselle, raw","Produce",""
"rose-apples","Rose-Apples","Rose-apples, raw","Produce",""
"canned-strawberries","Canned Strawberries","Strawberries, canned, heavy syrup pack, solids and liquids","Produce",""
"frozen-strawberries","Frozen Strawberries","Strawberries, frozen, unsweetened (Includes foods for USDA's Food Distribution Program)","Produce",""
"frozen-strawberries-produce","Frozen Strawberries","Strawberries, frozen, sweetened, sliced","Produce",""
"sugar-apples","Sugar-Apples","Sugar-apples, (sweetsop), raw","Produce",""
"feijoa","Feijoa","Feijoa, raw","Produce",""
"asian-pears","Asian Pears","Pears, asian, raw","Produce",""
"canned-fruit-cocktail","Canned Fruit Cocktail","Fruit cocktail, canned, heavy syrup, drained","Produce",""
"canned-blueberries","Canned Blueberries","Blueberries, canned, light syrup, drained","Produce",""
"wild-blueberries","Wild Blueberries","Blueberries, wild, canned, heavy syrup, drained","Produce",""
"canned-peaches","Canned Peaches","Peaches, canned, heavy syrup, drained","Produce",""
"canned-pears","Canned Pears","Pears, canned, heavy syrup, drained","Produce",""
"canned-plums","Canned Plums","Plums, canned, heavy syrup, drained","Produce",""
"canned-tangerines","Canned Tangerines","Tangerines, (mandarin oranges), canned, juice pack, drained","Produce",""
"canned-peach-nectar","Canned Peach Nectar","Peach nectar, canned, with added ascorbic acid","Produce","peach"
"canned-pear-nectar","Canned Pear Nectar","Pear nectar, canned, with added ascorbic acid","Produce","pear"
"canned-or-bottled-pineapple-juice","Canned or Bottled Pineapple Juice","Pineapple juice, canned or bottled, unsweetened, with added ascorbic acid","Produce","pineapple"
"frozen-concentrate-apple-juice-produce","Frozen Concentrate Apple Juice","Apple juice, frozen concentrate, unsweetened, undiluted, with added ascorbic acid","Produce","apple"
"white-grapefruit-juice-produce","White Grapefruit Juice","Grapefruit juice, white, bottled, unsweetened, OCEAN SPRAY","Produce",""
"canned-jackfruit","Canned Jackfruit","Jackfruit, canned, syrup pack","Produce",""
"medjool-dates","Medjool Dates","Dates, medjool","Produce",""
"raw-or-frozen-durian","Raw or Frozen Durian","Durian, raw or frozen","Produce",""
"traditional-varieties-pineapple","Traditional Varieties Pineapple","Pineapple, raw, traditional varieties","Produce","pineapple"
"extra-sweet-variety-pineapple","Extra Sweet Variety Pineapple","Pineapple, raw, extra sweet variety","Produce","pineapple"
"clementines","Clementines","Clementines, raw","Produce",""
"canned-guanabana-nectar","Canned Guanabana Nectar","Guanabana nectar, canned","Produce",""
"apple-and-grape-blend-juice","Apple and Grape Blend Juice","Juice, apple and grape blend, with added ascorbic acid","Produce","grape"
"apple-juice","Apple Juice","Juice, apple, grape and pear blend, with added ascorbic acid and calcium","Produce","apple"
"canned-pineapple-juice","Canned Pineapple Juice","Pineapple juice, canned, not from concentrate, unsweetened, with added vitamins A, C and E","Produce","pineapple"
"canned-or-bottled-grape-juice","Canned or Bottled Grape Juice","Grape juice, canned or bottled, unsweetened, with added ascorbic acid and calcium","Produce","grape"
"odwalla-fruit-juice-smoothie","Odwalla Fruit Juice Smoothie","Fruit juice smoothie, ODWALLA, ORIGINAL SUPERFOOD","Produce",""
"frozen-raspberries-produce","Frozen Raspberries","Raspberries, frozen, red, unsweetened","Produce",""
"with-sucralose-guava-nectar","With Sucralose Guava Nectar","Guava nectar, with sucralose, canned","Produce",""
"zespri-sungold-kiwifruit","Zespri Sungold Kiwifruit","Kiwifruit, ZESPRI SunGold, raw","Produce",""
"100-juice-cranberry-juice-blend","100% Juice Cranberry Juice Blend","Cranberry juice blend, 100% juice, bottled, with added vitamin C and calcium","Produce",""
"odwalla-fruit-juice-smoothie-produce","Odwalla Fruit Juice Smoothie","Fruit juice smoothie, ODWALLA, strawberry banana","Produce",""
"raspberry-juice-concentrate","Raspberry Juice Concentrate","Raspberry juice concentrate","Produce",""
"hormel-always-tender-pork-tenderloin-protein","Hormel Always Tender Pork Tenderloin","HORMEL ALWAYS TENDER, Pork Tenderloin, Peppercorn-Flavored","Protein","pork"
"hormel-always-tender-pork-loin-filets","Hormel Always Tender Pork Loin Filets","HORMEL ALWAYS TENDER, Pork Loin Filets, Lemon Garlic-Flavored","Protein","pork"
"hormel-always-tender-center-cut-chops","Hormel Always Tender Center Cut Chops","HORMEL ALWAYS TENDER, Center Cut Chops, Fresh Pork","Protein",""
"hormel-always-tender-boneless-pork-loin","Hormel Always Tender Boneless Pork Loin","HORMEL ALWAYS TENDER, Boneless Pork Loin, Fresh Pork","Protein","pork"
"pork-shoulder-petite-tender","Pork Shoulder Petite Tender","Pork, Shoulder petite tender, boneless, separable lean and fat, raw","Protein","pork"
"pork-leg-sirloin-tip-roast","Pork Leg Sirloin Tip Roast","Pork, Leg sirloin tip roast, boneless, separable lean and fat, raw","Protein","pork"
"pork-84-lean-16-fat","Pork 84% Lean / 16% Fat","Pork, ground, 84% lean / 16% fat, raw","Protein","pork"
"pork-loin-fresh","Pork Loin Fresh","Pork loin, fresh, backribs, bone-in, raw, lean only","Protein","pork"
"bacon-pre-sliced","Bacon Pre-Sliced","Bacon, pre-sliced, reduced/low sodium, unprepared","Protein","pork"
"sprouted-alfalfa-seeds","Sprouted Alfalfa Seeds","Alfalfa seeds, sprouted, raw","Produce",""
"amaranth-leaves","Amaranth Leaves","Amaranth leaves, raw","Produce",""
"frozen-artichokes","Frozen Artichokes","Artichokes, (globe or french), frozen, unprepared","Produce",""
"asparagus","Asparagus","Asparagus, raw","Produce","asparagus"
"leafy-tips-balsam-pear-bitter-gourd","Leafy Tips Balsam-Pear (Bitter Gourd)","Balsam-pear (bitter gourd), leafy tips, raw","Produce",""
"pods-balsam-pear-bitter-gourd","Pods Balsam-Pear (Bitter Gourd)","Balsam-pear (bitter gourd), pods, raw","Produce",""
"immature-seeds-lima-beans","Immature Seeds Lima Beans","Lima beans, immature seeds, raw","Produce","bean"
"sweet-corn-produce","Sweet Corn","Corn, sweet, yellow, canned, drained solids, rinsed with tap water","Produce","corn"
"immature-seeds-cowpeas-blackeyes","Immature Seeds Cowpeas (Blackeyes)","Cowpeas (blackeyes), immature seeds, frozen, unprepared","Produce",""
"young-pods-with-seeds-cowpeas","Young Pods with Seeds Cowpeas","Cowpeas, young pods with seeds, raw","Produce",""
"garden-cress","Garden Cress","Cress, garden, raw","Produce",""
"frozen-edamame","Frozen Edamame","Edamame, frozen, unprepared","Produce",""
"frozen-edamame-produce","Frozen Edamame","Edamame, frozen, prepared","Produce",""
"endive","Endive","Endive, raw","Produce",""
"dishcloth-towelgourd-gourd","Dishcloth (Towelgourd) Gourd","Gourd, dishcloth (towelgourd), raw","Produce",""
"drumstick-leaves","Drumstick Leaves","Drumstick leaves, raw","Produce",""
"dried-pepeao","Dried Pepeao","Pepeao, dried","Produce",""
"potherb-jute","Potherb Jute","Jute, potherb, raw","Produce",""
"chanterelle-mushrooms","Chanterelle Mushrooms","Mushrooms, Chanterelle, raw","Produce","mushroom"
"morel-mushrooms","Morel Mushrooms","Mushrooms, morel, raw","Produce","mushroom"
"kohlrabi","Kohlrabi","Kohlrabi, raw","Produce",""
"sprouted-lentils","Sprouted Lentils","Lentils, sprouted, raw","Produce","lentil"
"butterhead-includes-boston-and-bibb-types-lettuce","Butterhead (Includes Boston and Bibb Types) Lettuce","Lettuce, butterhead (includes boston and bibb types), raw","Produce","lettuce"
"hawaii-mountain-yam","Hawaii Mountain Yam","Mountain yam, hawaii, raw","Produce",""
"shiitake-mushrooms-produce","Shiitake Mushrooms","Mushrooms, shiitake, dried","Produce","mushroom"
"mustard-spinach","Mustard Spinach","Mustard spinach, (tendergreen), raw","Produce","spinach"
"new-zealand-spinach","New Zealand Spinach","New Zealand spinach, raw","Produce","spinach"
"frozen-includes-foods-for-usdas-food-distribution-program-potato-wedges","Frozen (Includes Foods For Usda's Food Distribution Program) Potato Wedges","Potato wedges, frozen (Includes foods for USDA's Food Distribution Program)","Produce","potato"
"pumpkin","Pumpkin","Pumpkin, raw","Produce",""
"canned-pumpkin","Canned Pumpkin","Pumpkin, canned, without salt","Produce",""
"oriental-radishes","Oriental Radishes","Radishes, oriental, raw","Produce",""
"oriental-radishes-produce","Oriental Radishes","Radishes, oriental, dried","Produce",""
"rutabagas","Rutabagas","Rutabagas, raw","Produce",""
"irishmoss-seaweed","Irishmoss Seaweed","Seaweed, irishmoss, raw","Produce",""
"kelp-seaweed","Kelp Seaweed","Seaweed, kelp, raw","Produce",""
"laver-seaweed","Laver Seaweed","Seaweed, laver, raw","Produce",""
"sesbania-flower","Sesbania Flower","Sesbania flower, raw","Produce",""
"canned-succotash","Canned Succotash","Succotash, (corn and limas), canned, with cream style corn","Produce",""
"canned-succotash-produce","Canned Succotash","Succotash, (corn and limas), canned, with whole kernel corn, solids and liquids","Produce",""
"frozen-succotash","Frozen Succotash","Succotash, (corn and limas), frozen, unprepared","Produce",""
"unprepared-includes-foods-for-usdas-food-distribution-program-sweet-potato","Unprepared (Includes Foods For Usda's Food Distribution Program) Sweet Potato","Sweet potato, raw, unprepared (Includes foods for USDA's Food Distribution Program)","Produce","potato"
"canned-sweet-potato","Canned Sweet Potato","Sweet potato, canned, vacuum pack","Produce","potato"
"taro-leaves","Taro Leaves","Taro leaves, raw","Produce",""
"taro-shoots","Taro Shoots","Taro shoots, raw","Produce",""
"arrowroot","Arrowroot","Arrowroot, raw","Produce",""
"chrysanthemum-leaves","Chrysanthemum Leaves","Chrysanthemum leaves, raw","Produce",""
"canned-beets","Canned Beets","Beets, canned, no salt added, solids and liquids","Produce",""
"canned-carrots","Canned Carrots","Carrots, canned, no salt added, drained solids","Produce","carrot"
"sweet-peppers","Sweet Peppers","Peppers, sweet, red, canned, solids and liquids","Produce","pepper"
"sweet-peppers-produce","Sweet Peppers","Peppers, sweet, red, frozen, chopped, unprepared","Produce","pepper"
"mashed-potatoes","Mashed Potatoes","Potatoes, mashed, prepared from granules, without milk, whole milk and margarine","Produce","potato"
"catsup","Catsup","Catsup","Produce",""
"brown-mushrooms","Brown Mushrooms","Mushrooms, brown, italian, or crimini, exposed to ultraviolet light, raw","Produce","mushroom"
"canned-pimento","Canned Pimento","Pimento, canned","Produce",""
"hot-dog-pickle-relish","Hot Dog Pickle Relish","Pickle relish, hot dog","Produce",""
"sweet-pickle-relish","Sweet Pickle Relish","Pickle relish, sweet","Produce",""
"cucumber-pickles-produce","Cucumber Pickles","Pickles, cucumber, sour, low sodium","Produce","cucumber"
"radicchio","Radicchio","Radicchio, raw","Produce",""
"zucchini-squash","Zucchini Squash","Squash, zucchini, baby, raw","Produce","squash"
"tomatillos","Tomatillos","Tomatillos, raw","Produce",""
"sun-dried-tomatoes","Sun-Dried Tomatoes","Tomatoes, sun-dried","Produce","tomato"
"canned-hearts-of-palm","Canned Hearts of Palm","Hearts of palm, canned","Produce",""
"hot-chile-peppers","Hot Chile Peppers","Peppers, hot chile, sun-dried","Produce","pepper"
"nopales","Nopales","Nopales, raw","Produce",""
"lemon-grass-citronella","Lemon Grass (Citronella)","Lemon grass (citronella), raw","Produce","lemon"
"fava-beans","Fava Beans","Beans, fava, in pod, raw","Produce","bean"
"grape-leaves","Grape Leaves","Grape leaves, raw","Produce","grape"
"jalapeno-peppers","Jalapeno Peppers","Peppers, jalapeno, raw","Produce","pepper"
"chili-peppers","Chili Peppers","Peppers, chili, green, canned","Produce","pepper"
"hungarian-peppers","Hungarian Peppers","Peppers, hungarian, raw","Produce","pepper"
"pasilla-peppers","Pasilla Peppers","Peppers, pasilla, dried","Produce","pepper"
"cloud-ears-fungi","Cloud Ears Fungi","Fungi, Cloud ears, dried","Produce",""
"straw-mushrooms","Straw Mushrooms","Mushrooms, straw, canned, drained solids","Produce","mushroom"
"root-wasabi","Root Wasabi","Wasabi, root, raw","Produce",""
"frozen-fiddlehead-ferns","Frozen Fiddlehead Ferns","Fiddlehead ferns, frozen, unprepared","Produce",""
"dried-desiccated-coconut-meat","Dried (Desiccated) Coconut Meat","Nuts, coconut meat, dried (desiccated), creamed","Nuts & Seeds","coconut"
"dried-desiccated-coconut-meat-nuts-and-seeds","Dried (Desiccated) Coconut Meat","Nuts, coconut meat, dried (desiccated), sweetened, shredded","Nuts & Seeds","coconut"
"whole-sisymbrium-sp-seeds","Whole Sisymbrium Sp. Seeds","Seeds, sisymbrium sp. seeds, whole, dried","Nuts & Seeds","whole"
"japanese-chestnuts","Japanese Chestnuts","Nuts, chestnuts, japanese, roasted","Nuts & Seeds","chestnut"
"lotus-seeds","Lotus Seeds","Seeds, lotus seeds, raw","Nuts & Seeds","lotus"
"honey-roasted-almonds","Honey Roasted Almonds","Nuts, almonds, honey roasted, unblanched","Nuts & Seeds","almond"
"oil-roasted-sunflower-seed-kernels","Oil Roasted Sunflower Seed Kernels","Seeds, sunflower seed kernels, oil roasted, with salt added","Nuts & Seeds","sunflower"
"sunflower-seed-butter","Sunflower Seed Butter","Seeds, sunflower seed butter, with salt added (Includes foods for USDA's Food Distribution Program)","Nuts & Seeds","sunflower"
"cashew-butter","Cashew Butter","Nuts, cashew butter, plain, with salt added","Nuts & Seeds","cashew"
"dry-roasted-macadamia-nuts","Dry Roasted Macadamia Nuts","Nuts, macadamia nuts, dry roasted, with salt added","Nuts & Seeds","macadamia"
"dry-roasted-mixed-nuts","Dry Roasted Mixed Nuts","Nuts, mixed nuts, dry roasted, with peanuts, with salt added","Nuts & Seeds","dry"
"oil-roasted-mixed-nuts","Oil Roasted Mixed Nuts","Nuts, mixed nuts, oil roasted, with peanuts, with salt added","Nuts & Seeds","oil"
"whole-pumpkin-and-squash-seeds","Whole Pumpkin and Squash Seeds","Seeds, pumpkin and squash seeds, whole, roasted, with salt added","Nuts & Seeds","pumpkin"
"oil-roasted-almonds","Oil Roasted Almonds","Nuts, almonds, oil roasted, lightly salted","Nuts & Seeds","almond"
"almond-butter","Almond Butter","Nuts, almond butter, plain, with salt added","Nuts & Seeds","almond"
"tahini-sesame-butter","Tahini Sesame Butter","Seeds, sesame butter, tahini, type of kernels unspecified","Nuts & Seeds","sesame"
"beef-retail-cuts","Beef Retail Cuts","Beef, retail cuts, separable fat, raw","Protein","beef"
"beef-brisket","Beef Brisket","Beef, brisket, whole, separable lean only, all grades, raw","Protein","beef"
"beef-grass-fed","Beef Grass-Fed","Beef, grass-fed, ground, raw","Protein","beef"
"beef-flank-protein","Beef Flank","Beef, flank, steak, separable lean only, trimmed to 0"" fat, choice, raw","Protein","beef"
"beef-rib","Beef Rib","Beef, rib, eye, small end (ribs 10-12), separable lean and fat, trimmed to 0"" fat, choice, raw","Protein","beef"
"beef-rib-protein","Beef Rib","Beef, rib, shortribs, separable lean only, choice, raw","Protein","beef"
"beef-short-loin-protein","Beef Short Loin","Beef, short loin, t-bone steak, bone-in, separable lean only, trimmed to 1/8"" fat, choice, raw","Protein","beef"
"beef-rib-eye","Beef Rib Eye","Beef, rib eye, small end (ribs 10-12), separable lean only, trimmed to 0"" fat, select, raw","Protein","beef"
"beef-variety-meats-and-by-products","Beef Variety Meats and By-Products","Beef, variety meats and by-products, brain, raw","Protein","beef"
"beef-variety-meats-and-by-products-protein","Beef Variety Meats and By-Products","Beef, variety meats and by-products, heart, raw","Protein","beef"
"beef-70-lean-meat-30-fat","Beef 70% Lean Meat / 30% Fat","Beef, ground, 70% lean meat / 30% fat, raw","Protein","beef"
"beef-chuck-protein","Beef Chuck","Beef, chuck, under blade center steak, boneless, Denver Cut, separable lean only, trimmed to 0"" fat, select, raw","Protein","beef"
"beef-shoulder-top-blade-steak","Beef Shoulder Top Blade Steak","Beef, shoulder top blade steak, boneless, separable lean only, trimmed to 0"" fat, select, raw","Protein","beef"
"beef-brisket-protein","Beef Brisket","Beef, brisket, flat half, boneless separable lean only, trimmed to 0"" fat, all grades, raw","Protein","beef"
"beef-chuck-eye-roast","Beef Chuck Eye Roast","Beef, chuck eye roast, boneless, America's Beef Roast, separable lean and fat, trimmed to 0"" fat, all grades, raw","Protein","beef"
"beef-chuck-eye-roast-protein","Beef Chuck Eye Roast","Beef, chuck eye roast, boneless, America's Beef Roast, separable lean and fat, trimmed to 0"" fat, choice, raw","Protein","beef"
"beef-shoulder-top-blade-steak-protein","Beef Shoulder Top Blade Steak","Beef, shoulder top blade steak, boneless, separable lean and fat, trimmed to 0"" fat, all grades, raw","Protein","beef"
"beef-loin-protein","Beef Loin","Beef, loin, top loin, separable lean and fat, trimmed to 1/8"" fat, select, raw","Protein","beef"
"beef-tenderloin","Beef Tenderloin","Beef, tenderloin, steak, separable lean and fat, trimmed to 1/8"" fat, select, raw","Protein","beef"
"beef-top-sirloin","Beef Top Sirloin","Beef, top sirloin, steak, separable lean and fat, trimmed to 1/8"" fat, all grades, raw","Protein","beef"
"beef-top-sirloin-protein","Beef Top Sirloin","Beef, top sirloin, steak, separable lean and fat, trimmed to 1/8"" fat, choice, raw","Protein","beef"
"beef-bottom-sirloin","Beef Bottom Sirloin","Beef, bottom sirloin, tri-tip roast, separable lean and fat, trimmed to 0"" fat, all grades, raw","Protein","beef"
"beef-bottom-sirloin-protein","Beef Bottom Sirloin","Beef, bottom sirloin, tri-tip roast, separable lean and fat, trimmed to 0"" fat, choice, raw","Protein","beef"
"beer-all-alcoholic-beverage","Beer All Alcoholic Beverage","Alcoholic beverage, beer, regular, all","Beverages",""
"beer-budweiser-alcoholic-beverage","Beer Budweiser Alcoholic Beverage","Alcoholic beverage, beer, regular, BUDWEISER","Beverages",""
"beer-light-alcoholic-beverage","Beer Light Alcoholic Beverage","Alcoholic beverage, beer, light, BUDWEISER SELECT","Beverages",""
"beer-light-alcoholic-beverage-beverages","Beer Light Alcoholic Beverage","Alcoholic beverage, beer, light","Beverages",""
"pina-colada-canned-alcoholic-beverage","Pina Colada Canned Alcoholic Beverage","Alcoholic beverage, pina colada, canned","Beverages",""
"tequila-sunrise-canned-alcoholic-beverage","Tequila Sunrise Canned Alcoholic Beverage","Alcoholic beverage, tequila sunrise, canned","Beverages",""
"dry-powder-unsweetened-cocoa","Dry Powder Unsweetened Cocoa","Cocoa, dry powder, unsweetened, HERSHEY'S European Style Cocoa","Snacks",""
"orange-marmalade","Orange Marmalade","Marmalade, orange","Snacks",""
"molasses","Molasses","Molasses","Snacks",""
"unsweetened-dry-mix-pectin","Unsweetened Dry Mix Pectin","Pectin, unsweetened, dry mix","Snacks",""
"brown-sugars","Brown Sugars","Sugars, brown","Snacks",""
"corn-dark-syrups","Corn Dark Syrups","Syrups, corn, dark","Snacks",""
"corn-light-syrups","Corn Light Syrups","Syrups, corn, light","Snacks",""
"degermed-enriched-cornmeal","Degermed Enriched Cornmeal","Cornmeal, degermed, enriched, yellow","Grains & Cereals",""
"yellow-self-rising-cornmeal","Yellow Self-Rising Cornmeal","Cornmeal, yellow, self-rising, bolted, plain, enriched","Grains & Cereals",""
"yellow-self-rising-cornmeal-grains-and-cereals","Yellow Self-Rising Cornmeal","Cornmeal, yellow, self-rising, bolted, with wheat flour added, enriched","Grains & Cereals",""
"oat-bran","Oat Bran","Oat bran, raw","Grains & Cereals",""
"quinoa","Quinoa","Quinoa, uncooked","Grains & Cereals",""
"brown-parboiled-rice","Brown Parboiled Rice","Rice, brown, parboiled, dry, UNCLE BEN'S","Grains & Cereals",""
"white-long-grain-rice-grains-and-cereals","White Long-Grain Rice","Rice, white, long-grain, regular, raw, enriched","Grains & Cereals",""
"white-medium-grain-rice","White Medium-Grain Rice","Rice, white, medium-grain, raw, enriched","Grains & Cereals",""
"white-short-grain-rice","White Short-Grain Rice","Rice, white, short-grain, enriched, uncooked","Grains & Cereals",""
"white-glutinous-rice","White Glutinous Rice","Rice, white, glutinous, unenriched, uncooked","Grains & Cereals",""
"rye-grain","Rye Grain","Rye grain","Grains & Cereals",""
"dark-rye-flour","Dark Rye Flour","Rye flour, dark","Grains & Cereals",""
"medium-rye-flour","Medium Rye Flour","Rye flour, medium","Grains & Cereals",""
"light-rye-flour","Light Rye Flour","Rye flour, light","Grains & Cereals",""
"whole-grain-triticale-flour","Whole-Grain Triticale Flour","Triticale flour, whole-grain","Grains & Cereals",""
"hard-red-spring-wheat","Hard Red Spring Wheat","Wheat, hard red spring","Grains & Cereals",""
"hard-red-winter-wheat","Hard Red Winter Wheat","Wheat, hard red winter","Grains & Cereals",""
"soft-red-winter-wheat","Soft Red Winter Wheat","Wheat, soft red winter","Grains & Cereals",""
"crude-wheat-germ","Crude Wheat Germ","Wheat germ, crude","Grains & Cereals",""
"white-all-purpose-wheat-flour","White All-Purpose Wheat Flour","Wheat flour, white, all-purpose, self-rising, enriched","Grains & Cereals",""
"gluten-free-corn-pasta","Gluten-Free Corn Pasta","Pasta, gluten-free, corn, dry","Pasta & Noodles",""
"vegetable-enriched-macaroni","Vegetable Enriched Macaroni","Macaroni, vegetable, enriched, dry","Pasta & Noodles",""
"chinese-chow-mein-noodles","Chinese Chow Mein Noodles","Noodles, chinese, chow mein","Grains & Cereals",""
"japanese-soba-noodles","Japanese Soba Noodles","Noodles, japanese, soba, dry","Grains & Cereals",""
"japanese-somen-noodles","Japanese Somen Noodles","Noodles, japanese, somen, dry","Grains & Cereals",""
"spinach-dry-spaghetti","Spinach Dry Spaghetti","Spaghetti, spinach, dry","Pasta & Noodles",""
"bread-unenriched-wheat-flours","Bread Unenriched Wheat Flours","Wheat flours, bread, unenriched","Grains & Cereals",""
"whole-grain-51-whole-wheat-pasta","Whole Grain 51% Whole Wheat Pasta","Pasta, whole grain, 51% whole wheat, remaining unenriched semolina, dry","Pasta & Noodles",""
"white-corn-grain","White Corn Grain","Corn grain, white","Grains & Cereals",""
"whole-grain-blue-harina-de-maiz-morado-corn-flour","Whole-Grain Blue (Harina De Maiz Morado) Corn Flour","Corn flour, whole-grain, blue (harina de maiz morado)","Grains & Cereals",""
"degermed-enriched-cornmeal-grains-and-cereals","Degermed Enriched Cornmeal","Cornmeal, degermed, enriched, white","Grains & Cereals",""
"white-self-rising-cornmeal","White Self-Rising Cornmeal","Cornmeal, white, self-rising, bolted, plain, enriched","Grains & Cereals",""
"white-self-rising-cornmeal-grains-and-cereals","White Self-Rising Cornmeal","Cornmeal, white, self-rising, bolted, with wheat flour added, enriched","Grains & Cereals",""
"dry-unenriched-pasta","Dry Unenriched Pasta","Pasta, dry, unenriched","Pasta & Noodles",""
"degermed-unenriched-cornmeal","Degermed Unenriched Cornmeal","Cornmeal, degermed, unenriched, yellow","Grains & Cereals",""
"white-short-grain-rice-grains-and-cereals","White Short-Grain Rice","Rice, white, short-grain, raw, unenriched","Grains & Cereals",""
"unenriched-semolina","Unenriched Semolina","Semolina, unenriched","Grains & Cereals",""
"protein-fortified-dry-spaghetti","Protein-Fortified Dry Spaghetti","Spaghetti, protein-fortified, dry, enriched (n x 6.25)","Pasta & Noodles",""
"white-industrial-10-protein-wheat-flour","White (Industrial) 10% Protein Wheat Flour","Wheat flour, white (industrial), 10% protein, unbleached, enriched","Grains & Cereals",""
"white-industrial-115-protein-wheat-flour","White (Industrial) 11.5% Protein Wheat Flour","Wheat flour, white (industrial), 11.5% protein, bleached, enriched","Grains & Cereals",""
"white-industrial-115-protein-wheat-flour-grains-and-cereals","White (Industrial) 11.5% Protein Wheat Flour","Wheat flour, white (industrial), 11.5% protein, bleached, unenriched","Grains & Cereals",""
"white-industrial-13-protein-wheat-flour","White (Industrial) 13% Protein Wheat Flour","Wheat flour, white (industrial), 13% protein, bleached, enriched","Grains & Cereals",""
"whole-grain-sorghum-flour","Whole-Grain Sorghum Flour","Sorghum flour, whole-grain","Grains & Cereals",""
"whole-grain-soft-wheat-wheat-flour","Whole-Grain Soft Wheat Wheat Flour","Wheat flour, whole-grain, soft wheat","Grains & Cereals",""
"yellow-fleshed-potatoes","Yellow Fleshed Potatoes","Potatoes, yellow fleshed, hash brown, shredded, salt added in processing, frozen, unprepared","Produce","potato"
"ascidians-tunughnak-alaska-native","Ascidians (Tunughnak) (Alaska Native)","Ascidians (tunughnak) (Alaska Native)","Other",""
"beluga-flipper-whale","Beluga Flipper Whale","Whale, beluga, flipper, raw (Alaska Native)","Other",""
"beluga-liver-whale","Beluga Liver Whale","Whale, beluga, liver, raw (Alaska Native)","Other",""
"beluga-whale-alaska-native-oil","Beluga Whale (Alaska Native) Oil","Oil, beluga, whale (Alaska Native)","Other",""
"wild-raw-alaska-native-blackberries","Wild Raw (Alaska Native) Blackberries","Blackberries, wild, raw (Alaska Native)","Other",""
"liver-raw-alaska-native-caribou","Liver Raw (Alaska Native) Caribou","Caribou, liver, raw (Alaska Native)","Other",""
"tongue-raw-alaska-native-caribou","Tongue Raw (Alaska Native) Caribou","Caribou, tongue, raw (Alaska Native)","Other",""
"leathery-gumboots-alaska-native-chiton","Leathery Gumboots (Alaska Native) Chiton","Chiton, leathery, gumboots (Alaska Native)","Other",""
"devilfish-meat-alaska-native-fish","Devilfish Meat (Alaska Native) Fish","Fish, devilfish, meat (Alaska Native)","Other",""
"young-leaves-raw-alaska-native-fireweed","Young Leaves Raw (Alaska Native) Fireweed","Fireweed, young leaves, raw (Alaska Native)","Other",""
"herring-eggs-on-giant-kelp-pacific-alaska-native-fish","Herring Eggs On Giant Kelp Pacific (Alaska Native) Fish","Fish, herring eggs on giant kelp, Pacific (Alaska Native)","Other",""
"herring-eggs-pacific-fish","Herring Eggs Pacific Fish","Fish, herring eggs, Pacific, dry (Alaska Native)","Other",""
"dried-southwest-agave","Dried (Southwest) Agave","Agave, dried (Southwest)","Other",""
"narrow-leaf-shoots-northern-plains-indians-cattail","Narrow Leaf Shoots (Northern Plains Indians) Cattail","Cattail, Narrow Leaf Shoots (Northern Plains Indians)","Other",""
"raw-northern-plains-indians-lambsquarters","Raw (Northern Plains Indians) Lambsquarters","Lambsquarters, raw (Northern Plains Indians)","Other",""
"wild-northern-plains-indians-raspberries","Wild (Northern Plains Indians) Raspberries","Raspberries, wild (Northern Plains Indians)","Other",""
"wild-northern-plains-indians-rose-hips","Wild (Northern Plains Indians) Rose Hips","Rose Hips, wild (Northern Plains Indians)","Other",""
"pitted-northern-plains-indians-chokecherries","Pitted (Northern Plains Indians) Chokecherries","Chokecherries, raw, pitted (Northern Plains Indians)","Other",""
"steller-liver-alaska-native-sea-lion","Steller Liver (Alaska Native) Sea Lion","Sea lion, Steller, liver (Alaska Native)","Other",""
"steller-kidney-alaska-native-sea-lion","Steller Kidney (Alaska Native) Sea Lion","Sea lion, Steller, kidney (Alaska Native)","Other",""
"steller-heart-alaska-native-sea-lion","Steller Heart (Alaska Native) Sea Lion","Sea lion, Steller, heart (Alaska Native)","Other",""
"steller-meat-alaska-native-sea-lion","Steller Meat (Alaska Native) Sea Lion","Sea lion, Steller, meat (Alaska Native)","Other",""
"made-from-blue-cornmeal-hopi-piki-bread","Made From Blue Cornmeal (Hopi) Piki Bread","Piki bread, made from blue cornmeal (Hopi)","Other",""
"masa-and-pork-filling-hopi-tamales","Masa and Pork Filling (Hopi) Tamales","Tamales, masa and pork filling (Hopi)","Other",""
"orange-juice-drink","Orange Juice Drink","Beverages, Orange juice drink","Beverages",""
"muenster-cheese","Muenster Cheese","Cheese, muenster, low fat","Dairy","cheese"
"margarine-like-butter-margarine-blend-oil","Margarine-Like Butter-Margarine Blend Oil","Margarine-like, butter-margarine blend, 80% fat, stick, without salt","Oils & Fats",""
"margarine-like-vegetable-oil-butter-spread-oil","Margarine-Like Vegetable Oil-Butter Spread Oil","Margarine-like, vegetable oil-butter spread, reduced calorie, tub, with salt","Oils & Fats",""
"salad-dressing-caesar-dressing-oil","Salad Dressing Caesar Dressing Oil","Salad dressing, caesar dressing, regular","Oils & Fats",""
"salad-dressing-coleslaw-oil-oils-and-fats","Salad Dressing Coleslaw Oil","Salad dressing, coleslaw","Oils & Fats",""
"salad-dressing-green-goddess-oil","Salad Dressing Green Goddess Oil","Salad dressing, green goddess, regular","Oils & Fats",""
"no-sugar-with-sodium-saccharin-any-flavor-jams-and-preserves","No Sugar (With Sodium Saccharin) Any Flavor Jams and Preserves","Jams and preserves, no sugar (with sodium saccharin), any flavor","Snacks",""
"meatless-luncheon-slices","Meatless Luncheon Slices","Luncheon slices, meatless","Produce",""
"meatless-meatballs","Meatless Meatballs","Meatballs, meatless","Produce",""
"vegetarian-fillets","Vegetarian Fillets","Vegetarian fillets","Produce",""
"wine-cooking-alcoholic-beverage","Wine Cooking Alcoholic Beverage","Alcoholic beverage, wine, cooking","Beverages",""
"wine-light-alcoholic-beverage","Wine Light Alcoholic Beverage","Alcoholic beverage, wine, light","Beverages",""
"tabletop-saccharin-sodium-saccharin-sweeteners","Tabletop Saccharin (Sodium Saccharin) Sweeteners","Sweeteners, tabletop, saccharin (sodium saccharin)","Snacks",""
"instant-breakfast-powder-beverage","Instant Breakfast Powder Beverage","Beverage, instant breakfast powder, chocolate, not reconstituted","Dairy",""
"canned-tomato-sauce","Canned Tomato Sauce","Tomato sauce, canned, no salt added","Produce","tomato"
"cream-cheese","Cream Cheese","Cheese, cream, low fat","Dairy","cream"
"cream-cheese-base-cheese-spread","Cream Cheese Base Cheese Spread","Cheese spread, cream cheese base","Dairy","cream"
"pork-oriental-style","Pork Oriental Style","Pork, oriental style, dehydrated","Protein","pork"
"curd-cheese-soybean","Curd Cheese Soybean","Soybean, curd cheese","Produce",""
"canned-potatoes","Canned Potatoes","Potatoes, canned, drained solids, no salt added","Produce","potato"
"mixed-corn-vegetables","Mixed (Corn Vegetables","Vegetables, mixed (corn, lima beans, peas, green beans, carrots) canned, no salt added","Produce",""
"litchis","Litchis","Litchis, raw","Produce",""
"dried-litchis","Dried Litchis","Litchis, dried","Produce",""
"frozen-loganberries","Frozen Loganberries","Loganberries, frozen","Produce",""
"longans","Longans","Longans, raw","Produce",""
"canned-mangosteen","Canned Mangosteen","Mangosteen, canned, syrup pack","Produce",""
"dried-mango","Dried Mango","Mango, dried, sweetened","Produce","mango"
"casaba-melons","Casaba Melons","Melons, casaba, raw","Produce",""
"ripe-olives","Ripe Olives","Olives, ripe, canned (small-extra large)","Produce",""
"ripe-olives-produce","Ripe Olives","Olives, ripe, canned (jumbo-super colossal)","Produce",""
"pickled-olives","Pickled Olives","Olives, pickled, canned or bottled, green","Produce",""
"oranges","Oranges","Oranges, raw, all commercial varieties","Produce","orange"
"canned-orange-juice","Canned Orange Juice","Orange juice, canned, unsweetened","Produce","orange"
"chilled-orange-juice-produce","Chilled Orange Juice","Orange juice, chilled, includes from concentrate, with added calcium and vitamin D","Produce","orange"
"frozen-concentrate-orange-juice","Frozen Concentrate Orange Juice","Orange juice, frozen concentrate, unsweetened, diluted with 3 volume water","Produce","orange"
"orange-peel","Orange Peel","Orange peel, raw","Produce","orange"
"canned-or-bottled-orange-grapefruit-juice","Canned or Bottled Orange-Grapefruit Juice","Orange-grapefruit juice, canned or bottled, unsweetened","Produce",""
"tangerines","Tangerines","Tangerines, (mandarin oranges), raw","Produce",""
"canned-tangerines-produce","Canned Tangerines","Tangerines, (mandarin oranges), canned, juice pack","Produce",""
"canned-papaya-nectar","Canned Papaya Nectar","Papaya nectar, canned","Produce",""
"purple-passion-fruit","Purple Passion-Fruit","Passion-fruit, (granadilla), purple, raw","Produce",""
"purple-passion-fruit-juice","Purple Passion-Fruit Juice","Passion-fruit juice, purple, raw","Produce",""
"yellow-passion-fruit-juice","Yellow Passion-Fruit Juice","Passion-fruit juice, yellow, raw","Produce",""
"canned-peaches-produce","Canned Peaches","Peaches, canned, light syrup pack, solids and liquids","Produce",""
"spiced-peaches","Spiced Peaches","Peaches, spiced, canned, heavy syrup pack, solids and liquids","Produce",""
"frozen-peaches","Frozen Peaches","Peaches, frozen, sliced, sweetened","Produce",""
"canned-peach-nectar-produce","Canned Peach Nectar","Peach nectar, canned, with sucralose, without added ascorbic acid","Produce","peach"
"pears","Pears","Pears, raw","Produce",""
"canned-pears-produce","Canned Pears","Pears, canned, water pack, solids and liquids","Produce",""
"dried-pears","Dried Pears","Pears, dried, sulfured, uncooked","Produce",""
"canned-pineapple-produce","Canned Pineapple","Pineapple, canned, water pack, solids and liquids","Produce","pineapple"
"frozen-concentrate-pineapple-juice","Frozen Concentrate Pineapple Juice","Pineapple juice, frozen concentrate, unsweetened, diluted with 3 volume water","Produce","pineapple"
"pitanga","Pitanga","Pitanga, (surinam-cherry), raw","Produce",""
"canned-plums-produce","Canned Plums","Plums, canned, purple, heavy syrup pack, solids and liquids","Produce",""
"pomegranates","Pomegranates","Pomegranates, raw","Produce",""
"immature-seeds-lima-beans-produce","Immature Seeds Lima Beans","Lima beans, immature seeds, canned, regular pack, solids and liquids","Produce","bean"
"navy-beans","Navy Beans","Beans, navy, mature seeds, sprouted, raw","Produce","bean"
"canned-beets-produce","Canned Beets","Beets, canned, regular pack, solids and liquids","Produce",""
"pork-pickled-pork-hocks","Pork Pickled Pork Hocks","Pork, pickled pork hocks","Protein","pork"
"pork-leg-cap-steak","Pork Leg Cap Steak","Pork, Leg Cap Steak, boneless, separable lean and fat, raw","Protein","pork"
"pork-shoulder-breast","Pork Shoulder Breast","Pork, Shoulder breast, boneless, separable lean and fat, raw","Protein","pork"
"pork-96-lean-4-fat","Pork 96% Lean / 4% Fat","Pork, ground, 96% lean / 4% fat, raw","Protein","pork"
"arrowhead","Arrowhead","Arrowhead, raw","Produce",""
"artichokes","Artichokes","Artichokes, (globe or french), raw","Produce",""
"canned-asparagus","Canned Asparagus","Asparagus, canned, regular pack, solids and liquids","Produce","asparagus"
"canned-asparagus-produce","Canned Asparagus","Asparagus, canned, drained solids","Produce","asparagus"
"frozen-asparagus","Frozen Asparagus","Asparagus, frozen, unprepared","Produce","asparagus"
"bamboo-shoots","Bamboo Shoots","Bamboo shoots, raw","Produce",""
"canned-bamboo-shoots","Canned Bamboo Shoots","Bamboo shoots, canned, drained solids","Produce",""
"kidney-beans","Kidney Beans","Beans, kidney, mature seeds, sprouted, raw","Produce","bean"
"canned-corn-with-red-and-green-peppers","Canned Corn with Red and Green Peppers","Corn with red and green peppers, canned, solids and liquids","Produce","pepper"
"cornsalad","Cornsalad","Cornsalad, raw","Produce",""
"immature-seeds-cowpeas-blackeyes-produce","Immature Seeds Cowpeas (Blackeyes)","Cowpeas (blackeyes), immature seeds, raw","Produce",""
"yardlong-bean","Yardlong Bean","Yardlong bean, raw","Produce","bean"
"leafy-tips-cowpeas","Leafy Tips Cowpeas","Cowpeas, leafy tips, raw","Produce",""
"peeled-cucumber","Peeled Cucumber","Cucumber, peeled, raw","Produce","cucumber"
"dandelion-greens","Dandelion Greens","Dandelion greens, raw","Produce",""
"ginger-root","Ginger Root","Ginger root, raw","Produce","ginger"
"white-flowered-calabash-gourd","White-Flowered (Calabash) Gourd","Gourd, white-flowered (calabash), raw","Produce",""
"immature-seeds-hyacinth-beans","Immature Seeds Hyacinth-Beans","Hyacinth-beans, immature seeds, raw","Produce",""
"jerusalem-artichokes","Jerusalem-Artichokes","Jerusalem-artichokes, raw","Produce",""
"jews-ear","Jew's Ear","Jew's ear, (pepeao), raw","Produce",""
"frozen-kale","Frozen Kale","Kale, frozen, unprepared","Produce","kale"
"kanpyo","Kanpyo","Kanpyo, (dried gourd strips)","Produce",""
"lambsquarters","Lambsquarters","Lambsquarters, raw","Produce",""
"leeks","Leeks","Leeks, (bulb and lower leaf-portion), raw","Produce",""
"lotus-root","Lotus Root","Lotus root, raw","Produce",""
"canned-mushrooms","Canned Mushrooms","Mushrooms, canned, drained solids","Produce","mushroom"
"portabella-mushrooms","Portabella Mushrooms","Mushrooms, portabella, raw","Produce","mushroom"
"mustard-greens","Mustard Greens","Mustard greens, raw","Produce",""
"frozen-mustard-greens","Frozen Mustard Greens","Mustard greens, frozen, unprepared","Produce",""
"okra","Okra","Okra, raw","Produce",""
"frozen-okra","Frozen Okra","Okra, frozen, unprepared","Produce",""
"pumpkin-flowers","Pumpkin Flowers","Pumpkin flowers, raw","Produce",""
"pumpkin-leaves","Pumpkin Leaves","Pumpkin leaves, raw","Produce",""
"canned-pumpkin-pie-mix","Canned Pumpkin Pie Mix","Pumpkin pie mix, canned","Produce",""
"purslane","Purslane","Purslane, raw","Produce",""
"radishes","Radishes","Radishes, raw","Produce",""
"salsify","Salsify","Salsify, (vegetable oyster), raw","Produce",""
"canned-sauerkraut","Canned Sauerkraut","Sauerkraut, canned, solids and liquids","Produce",""
"agar-seaweed","Agar Seaweed","Seaweed, agar, raw","Produce",""
"green-soybeans","Green Soybeans","Soybeans, green, raw","Produce",""
"sprouted-soybeans","Sprouted Soybeans","Soybeans, mature seeds, sprouted, raw","Produce",""
"canned-spinach","Canned Spinach","Spinach, canned, regular pack, solids and liquids","Produce","spinach"
"canned-spinach-produce","Canned Spinach","Spinach, canned, regular pack, drained solids","Produce","spinach"
"frozen-spinach","Frozen Spinach","Spinach, frozen, chopped or leaf, unprepared (Includes foods for USDA's Food Distribution Program)","Produce","spinach"
"succotash","Succotash","Succotash, (corn and limas), raw","Produce",""
"water-convolvulus","Water Convolvulus","Water convolvulus,raw","Produce",""
"sweet-potato-leaves","Sweet Potato Leaves","Sweet potato leaves, raw","Produce","potato"
"canned-sweet-potato-produce","Canned Sweet Potato","Sweet potato, canned, mashed","Produce","potato"
"frozen-sweet-potato","Frozen Sweet Potato","Sweet potato, frozen, unprepared (Includes foods for USDA's Food Distribution Program)","Produce","potato"
"taro","Taro","Taro, raw","Produce",""
"tahitian-taro","Tahitian Taro","Taro, tahitian, raw","Produce",""
"leaves-broccoli","Leaves Broccoli","Broccoli, leaves, raw","Produce","broccoli"
"flower-clusters-broccoli","Flower Clusters Broccoli","Broccoli, flower clusters, raw","Produce","broccoli"
"stalks-broccoli","Stalks Broccoli","Broccoli, stalks, raw","Produce","broccoli"
"common-danish-cabbage","Common (Danish Cabbage","Cabbage, common (danish, domestic, and pointed types), freshly harvest, raw","Produce","cabbage"
"common-danish-cabbage-produce","Common (Danish Cabbage","Cabbage, common (danish, domestic, and pointed types), stored, raw","Produce","cabbage"
"canned-carrots-produce","Canned Carrots","Carrots, canned, no salt added, solids and liquids","Produce","carrot"
"mashed-potatoes-produce","Mashed Potatoes","Potatoes, mashed, dehydrated, prepared from flakes without milk, whole milk and margarine added","Produce","potato"
"white-mushroom","White Mushroom","Mushroom, white, exposed to ultraviolet light, raw","Produce","mushroom"
"low-sodium-catsup","Low Sodium Catsup","Catsup, low sodium","Produce",""
"sun-dried-tomatoes-produce","Sun-Dried Tomatoes","Tomatoes, sun-dried, packed in oil, drained","Produce","tomato"
"bulb-fennel","Bulb Fennel","Fennel, bulb, raw","Produce",""
"hamburger-pickle-relish","Hamburger Pickle Relish","Pickle relish, hamburger","Produce",""
"arugula","Arugula","Arugula, raw","Produce",""
"green-cauliflower","Green Cauliflower","Cauliflower, green, raw","Produce","cauliflower"
"canned-grape-leaves","Canned Grape Leaves","Grape leaves, canned","Produce","grape"
"banana-pepper","Banana Pepper","Pepper, banana, raw","Produce","pepper"
"serrano-peppers","Serrano Peppers","Peppers, serrano, raw","Produce","pepper"
"ancho-peppers","Ancho Peppers","Peppers, ancho, dried","Produce","pepper"
"chowchow-pickles","Chowchow Pickles","Pickles, chowchow, with cauliflower onion mustard, sweet","Produce",""
"epazote","Epazote","Epazote, raw","Produce",""
"leaves-fireweed","Leaves Fireweed","Fireweed, leaves, raw","Produce",""
"yautia-tannier","Yautia (Tannier)","Yautia (tannier), raw","Produce",""
"chinese-broccoli","Chinese Broccoli","Broccoli, chinese, raw","Produce","broccoli"
"fiddlehead-ferns","Fiddlehead Ferns","Fiddlehead ferns, raw","Produce",""
"tahini-sesame-butter-nuts-and-seeds","Tahini Sesame Butter","Seeds, sesame butter, tahini, from unroasted kernels (non-chemically removed seed coat)","Nuts & Seeds","sesame"
"dried-watermelon-seed-kernels","Dried Watermelon Seed Kernels","Seeds, watermelon seed kernels, dried","Nuts & Seeds","dried"
"japanese-chestnuts-nuts-and-seeds","Japanese Chestnuts","Nuts, chestnuts, japanese, dried","Nuts & Seeds","chestnut"
"frozen-liquid-expressed-from-grated-meat-and-water-coconut-milk","Frozen (Liquid Expressed From Grated Meat and Water) Coconut Milk","Nuts, coconut milk, frozen (liquid expressed from grated meat and water)","Nuts & Seeds","coconut"
"wheat-based-formulated","Wheat-Based Formulated","Nuts, formulated, wheat-based, all flavors except macadamia, without salt","Nuts & Seeds","wheat-based"
"dried-decorticated-sesame-seed-kernels","Dried (Decorticated) Sesame Seed Kernels","Seeds, sesame seed kernels, dried (decorticated)","Nuts & Seeds","sesame"
"roasted-pumpkin-and-squash-seed-kernels","Roasted Pumpkin and Squash Seed Kernels","Seeds, pumpkin and squash seed kernels, roasted, with salt added","Nuts & Seeds","pumpkin"
"dry-roasted-sunflower-seed-kernels-from-shell","Dry Roasted Sunflower Seed Kernels From Shell","Seeds, sunflower seed kernels from shell, dry roasted, with salt added","Nuts & Seeds","sunflower"
"oil-roasted-almonds-nuts-and-seeds","Oil Roasted Almonds","Nuts, almonds, oil roasted, with salt added","Nuts & Seeds","almond"
"dry-roasted-cashew-nuts","Dry Roasted Cashew Nuts","Nuts, cashew nuts, dry roasted, with salt added","Nuts & Seeds","cashew"
"oil-roasted-cashew-nuts","Oil Roasted Cashew Nuts","Nuts, cashew nuts, oil roasted, with salt added","Nuts & Seeds","cashew"
"oil-roasted-mixed-nuts-nuts-and-seeds","Oil Roasted Mixed Nuts","Nuts, mixed nuts, oil roasted, without peanuts, with salt added","Nuts & Seeds","oil"
"dry-roasted-pecans","Dry Roasted Pecans","Nuts, pecans, dry roasted, with salt added","Nuts & Seeds","pecan"
"oil-roasted-pecans","Oil Roasted Pecans","Nuts, pecans, oil roasted, with salt added","Nuts & Seeds","pecan"
"dry-roasted-pistachio-nuts","Dry Roasted Pistachio Nuts","Nuts, pistachio nuts, dry roasted, with salt added","Nuts & Seeds","pistachio"
"beef-grass-fed-protein","Beef Grass-Fed","Beef, grass-fed, strip steaks, lean only, raw","Protein","beef"
"beef-carcass","Beef Carcass","Beef, carcass, separable lean and fat, choice, raw","Protein","beef"
"beef-carcass-protein","Beef Carcass","Beef, carcass, separable lean and fat, select, raw","Protein","beef"
"beef-shank-crosscuts","Beef Shank Crosscuts","Beef, shank crosscuts, separable lean only, trimmed to 1/4"" fat, choice, raw","Protein","beef"
"beef-shoulder-pot-roast-or-steak","Beef Shoulder Pot Roast or Steak","Beef, shoulder pot roast or steak, boneless, separable lean only, trimmed to 0"" fat, all grades, raw","Protein","beef"
"beef-shoulder-pot-roast-or-steak-protein","Beef Shoulder Pot Roast or Steak","Beef, shoulder pot roast or steak, boneless, separable lean only, trimmed to 0"" fat, choice, raw","Protein","beef"
"beef-composite-of-trimmed-retail-cuts","Beef Composite of Trimmed Retail Cuts","Beef, composite of trimmed retail cuts, separable lean and fat, trimmed to 1/8"" fat, all grades, raw","Protein","beef"
"beef-composite-of-trimmed-retail-cuts-protein","Beef Composite of Trimmed Retail Cuts","Beef, composite of trimmed retail cuts, separable lean and fat, trimmed to 1/8"" fat, choice, raw","Protein","beef"
"beef-tenderloin-protein","Beef Tenderloin","Beef, tenderloin, steak, separable lean and fat, trimmed to 1/8"" fat, all grades, raw","Protein","beef"
"daiquiri-canned-alcoholic-beverage","Daiquiri Canned Alcoholic Beverage","Alcoholic beverage, daiquiri, canned","Beverages",""
"mars-snackfood-us-mms-semisweet-chocolate-mini-baking-bits-baking-chocolate","Mars Snackfood Us M&M's Semisweet Chocolate Mini Baking Bits Baking Chocolate","Baking chocolate, MARS SNACKFOOD US, M&M's Semisweet Chocolate Mini Baking Bits","Snacks",""
"mars-snackfood-us-mms-milk-chocolate-mini-baking-bits-baking-chocolate","Mars Snackfood Us M&M's Milk Chocolate Mini Baking Bits Baking Chocolate","Baking chocolate, MARS SNACKFOOD US, M&M's Milk Chocolate Mini Baking Bits","Snacks",""
"dry-powder-unsweetened-cocoa-snacks","Dry Powder Unsweetened Cocoa","Cocoa, dry powder, unsweetened","Snacks",""
"honey","Honey","Honey","Snacks",""
"jams-and-preserves","Jams and Preserves","Jams and preserves","Snacks",""
"powdered-sugars","Powdered Sugars","Sugars, powdered","Snacks",""
"tabletop-aspartame-sweeteners","Tabletop Aspartame Sweeteners","Sweeteners, tabletop, aspartame, EQUAL, packets","Snacks",""
"maple-sugars","Maple Sugars","Sugars, maple","Snacks",""
"corn-high-fructose-syrups","Corn High-Fructose Syrups","Syrups, corn, high-fructose","Snacks",""
"malt-syrups","Malt Syrups","Syrups, malt","Snacks",""
"maple-syrups","Maple Syrups","Syrups, maple","Snacks",""
"sorghum-syrups","Sorghum Syrups","Syrups, sorghum","Snacks",""
"masa-enriched-corn-flour","Masa Enriched Corn Flour","Corn flour, masa, enriched, white","Grains & Cereals",""
"yellow-degermed-corn-flour","Yellow Degermed Corn Flour","Corn flour, yellow, degermed, unenriched","Grains & Cereals",""
"masa-unenriched-corn-flour","Masa Unenriched Corn Flour","Corn flour, masa, unenriched, white","Grains & Cereals",""
"whole-grain-yellow-cornmeal","Whole-Grain Yellow Cornmeal","Cornmeal, whole-grain, yellow","Grains & Cereals",""
"cornstarch","Cornstarch","Cornstarch","Grains & Cereals",""
"dry-couscous","Dry Couscous","Couscous, dry","Grains & Cereals",""
"canned-white-hominy","Canned White Hominy","Hominy, canned, white","Grains & Cereals",""
"brown-medium-grain-rice","Brown Medium-Grain Rice","Rice, brown, medium-grain, raw (Includes foods for USDA's Food Distribution Program)","Grains & Cereals",""
"crude-rice-bran","Crude Rice Bran","Rice bran, crude","Grains & Cereals",""
"enriched-semolina","Enriched Semolina","Semolina, enriched","Grains & Cereals",""
"sorghum-grain","Sorghum Grain","Sorghum grain","Grains & Cereals",""
"pearl-dry-tapioca","Pearl Dry Tapioca","Tapioca, pearl, dry","Grains & Cereals",""
"triticale","Triticale","Triticale","Grains & Cereals",""
"hard-white-wheat","Hard White Wheat","Wheat, hard white","Grains & Cereals",""
"soft-white-wheat","Soft White Wheat","Wheat, soft white","Grains & Cereals",""
"durum-wheat","Durum Wheat","Wheat, durum","Grains & Cereals",""
"crude-wheat-bran","Crude Wheat Bran","Wheat bran, crude","Grains & Cereals",""
"white-cake-wheat-flour","White Cake Wheat Flour","Wheat flour, white, cake, enriched","Grains & Cereals",""
"white-tortilla-mix-wheat-flour","White Tortilla Mix Wheat Flour","Wheat flour, white, tortilla mix, enriched","Grains & Cereals",""
"sprouted-wheat","Sprouted Wheat","Wheat, sprouted","Grains & Cereals",""
"fresh-refrigerated-as-purchased-pasta","Fresh-Refrigerated As Purchased Pasta","Pasta, fresh-refrigerated, plain, as purchased","Pasta & Noodles",""
"fresh-refrigerated-spinach-pasta","Fresh-Refrigerated Spinach Pasta","Pasta, fresh-refrigerated, spinach, as purchased","Pasta & Noodles",""
"egg-dry-noodles","Egg Dry Noodles","Noodles, egg, dry, enriched","Grains & Cereals",""
"egg-spinach-noodles","Egg Spinach Noodles","Noodles, egg, spinach, enriched, dry","Grains & Cereals",""
"flat-crunchy-noodles","Flat Crunchy Noodles","Noodles, flat, crunchy, Chinese restaurant","Grains & Cereals",""
"dry-enriched-pasta","Dry Enriched Pasta","Pasta, dry, enriched","Pasta & Noodles",""
"whole-wheat-dry-includes-foods-for-usdas-food-distribution-program-pasta","Whole-Wheat Dry (Includes Foods For Usda's Food Distribution Program) Pasta","Pasta, whole-wheat, dry (Includes foods for USDA's Food Distribution Program)","Pasta & Noodles",""
"barley-malt-flour","Barley Malt Flour","Barley malt flour","Grains & Cereals",""
"partially-debranned-oat-flour","Partially Debranned Oat Flour","Oat flour, partially debranned","Grains & Cereals",""
"dry-rice-noodles","Dry Rice Noodles","Rice noodles, dry","Grains & Cereals",""
"khorasan-wheat","Khorasan Wheat","Wheat, khorasan, uncooked","Grains & Cereals",""
"teff","Teff","Teff, uncooked","Grains & Cereals",""
"whole-grain-white-corn-flour","Whole-Grain White Corn Flour","Corn flour, whole-grain, white","Grains & Cereals",""
"yellow-masa-corn-flour","Yellow Masa Corn Flour","Corn flour, yellow, masa, enriched","Grains & Cereals",""
"whole-grain-white-cornmeal","Whole-Grain White Cornmeal","Cornmeal, whole-grain, white","Grains & Cereals",""
"canned-yellow-hominy","Canned Yellow Hominy","Hominy, canned, yellow","Grains & Cereals",""
"white-all-purpose-wheat-flour-grains-and-cereals","White All-Purpose Wheat Flour","Wheat flour, white, all-purpose, enriched, calcium-fortified","Grains & Cereals",""
"egg-dry-noodles-grains-and-cereals","Egg Dry Noodles","Noodles, egg, dry, unenriched","Grains & Cereals",""
"white-medium-grain-rice-grains-and-cereals","White Medium-Grain Rice","Rice, white, medium-grain, raw, unenriched","Grains & Cereals",""
"pickled-ginger-root","Pickled Ginger Root","Ginger root, pickled, canned, with artificial sweetener","Produce","ginger"
"hot-pickled-peppers","Hot Pickled Peppers","Peppers, hot pickled, canned","Produce","pepper"
"bolthouse-farms-vegetable-juice","Bolthouse Farms Vegetable Juice","Vegetable juice, BOLTHOUSE FARMS, DAILY GREENS","Produce",""
"black-meat-alaska-native-bear","Black Meat (Alaska Native) Bear","Bear, black, meat (Alaska Native)","Other",""
"polar-meat-bear","Polar Meat Bear","Bear, polar, meat, raw (Alaska Native)","Other",""
"beluga-meat-whale","Beluga Meat Whale","Whale, beluga, meat, dried (Alaska Native)","Other",""
"beluga-eyes-alaska-native-whale","Beluga Eyes (Alaska Native) Whale","Whale, beluga, eyes (Alaska Native)","Other",""
"beluga-meat-whale-other","Beluga Meat Whale","Whale, beluga, meat, raw (Alaska Native)","Other",""
"blackfish-whole-alaska-native-fish","Blackfish Whole (Alaska Native) Fish","Fish, blackfish, whole (Alaska Native)","Other",""
"wild-frozen-alaska-native-blueberries","Wild Frozen (Alaska Native) Blueberries","Blueberries, wild, frozen (Alaska Native)","Other",""
"bone-marrow-raw-alaska-native-caribou","Bone Marrow Raw (Alaska Native) Caribou","Caribou, bone marrow, raw (Alaska Native)","Other",""
"eye-raw-alaska-native-caribou","Eye Raw (Alaska Native) Caribou","Caribou, eye, raw (Alaska Native)","Other",""
"raw-alaska-native-cloudberries","Raw (Alaska Native) Cloudberries","Cloudberries, raw (Alaska Native)","Other",""
"raw-alaska-native-cockles","Raw (Alaska Native) Cockles","Cockles, raw (Alaska Native)","Other",""
"wild-bush-cranberries","Wild Bush Cranberries","Cranberries, wild, bush, raw (Alaska Native)","Other",""
"low-bush-or-lingenberry-raw-alaska-native-cranberry","Low Bush or Lingenberry Raw (Alaska Native) Cranberry","Cranberry, low bush or lingenberry, raw (Alaska Native)","Other",""
"herring-eggs-pacific-fish-other","Herring Eggs Pacific Fish","Fish, herring eggs, Pacific, plain (Alaska Native)","Other",""
"herring-pacific-fish","Herring Pacific Fish","Fish, herring, Pacific, flesh, air-dried, packed in oil (Alaska Native)","Other",""
"raw-alaska-native-huckleberries","Raw (Alaska Native) Huckleberries","Huckleberries, raw (Alaska Native)","Other",""
"lingcod-meat-fish","Lingcod Meat Fish","Fish, lingcod, meat, raw (Alaska Native)","Other",""
"lingcod-liver-alaska-native-fish","Lingcod Liver (Alaska Native) Fish","Fish, lingcod, liver (Alaska Native)","Other",""
"plain-apache-tennis-bread","Plain (Apache) Tennis Bread","Tennis Bread, plain (Apache)","Other",""
"raw-southwest-agave","Raw (Southwest) Agave","Agave, raw (Southwest)","Other",""
"raw-northern-plains-indians-prickly-pears","Raw (Northern Plains Indians) Prickly Pears","Prickly pears, raw (Northern Plains Indians)","Other",""
"raw-northern-plains-indians-prairie-turnips","Raw (Northern Plains Indians) Prairie Turnips","Prairie Turnips, raw (Northern Plains Indians)","Other",""
"blanched-northern-plains-indians-stinging-nettles","Blanched (Northern Plains Indians) Stinging Nettles","Stinging Nettles, blanched (Northern Plains Indians)","Other",""
"wild-northern-plains-indians-plums","Wild (Northern Plains Indians) Plums","Plums, wild (Northern Plains Indians)","Other",""
"roasted-navajo-pinon-nuts","Roasted (Navajo) Pinon Nuts","Pinon Nuts, roasted (Navajo)","Other",""
"steller-meat-with-fat-alaska-native-sea-lion","Steller Meat with Fat (Alaska Native) Sea Lion","Sea lion, Steller, meat with fat (Alaska Native)","Other",""
"steller-fat-alaska-native-sea-lion","Steller Fat (Alaska Native) Sea Lion","Sea lion, Steller, fat (Alaska Native)","Other",""
"dried-seeds-oregon-wocas","Dried Seeds Oregon Wocas","Wocas, dried seeds, Oregon, yellow pond lily (Klamath)","Other",""
"beaked-northern-plains-indians-hazelnuts","Beaked (Northern Plains Indians) Hazelnuts","Hazelnuts, beaked (Northern Plains Indians)","Other",""
"herbal-brewed-tea","Herbal Brewed Tea","Tea, herbal, brewed, Hohoysi (Hopi)","Other",""
"blue-corn-sakwavikaviki-hopi-tortilla","Blue Corn Sakwavikaviki (Hopi) Tortilla","Tortilla, blue corn, Sakwavikaviki (Hopi)","Other",""
"blue-corn-somiviki-hopi-bread","Blue Corn Somiviki (Hopi) Bread","Bread, blue corn, somiviki (Hopi)","Other",""
"margarine-like-vegetable-oil-spread-oil","Margarine-Like Vegetable Oil Spread Oil","Margarine-like, vegetable oil spread, stick or tub, sweetened","Oils & Fats",""
"frankfurter-meat-and-poultry","Frankfurter Meat and Poultry","Frankfurter, meat and poultry, low fat","Protein",""
"corn-and-canola-oil","Corn and Canola Oil","Oil, corn and canola","Oils & Fats",""
"fluid-milk","Fluid Milk","Milk, fluid, nonfat, calcium fortified (fat free or skim)","Dairy","milk"
"reduced-sodium-peanut-butter","Reduced Sodium Peanut Butter","Peanut butter, reduced sodium","Produce",""
"salad-dressing-sweet-and-sour-oil","Salad Dressing Sweet and Sour Oil","Salad dressing, sweet and sour","Oils & Fats",""
"salad-dressing-blue-or-roquefort-cheese-oil","Salad Dressing Blue or Roquefort Cheese Oil","Salad dressing, blue or roquefort cheese, low calorie","Oils & Fats",""
"salad-dressing-caesar-oil","Salad Dressing Caesar Oil","Salad dressing, caesar, low calorie","Oils & Fats",""
"no-sugar-with-sodium-saccharin-any-flavors-jellies","No Sugar (With Sodium Saccharin) Any Flavors Jellies","Jellies, no sugar (with sodium saccharin), any flavors","Snacks",""
"made-from-soy-vermicelli","Made From Soy Vermicelli","Vermicelli, made from soy","Produce",""
"meatless-chicken","Meatless Chicken","Chicken, meatless","Produce",""
"meatless-frankfurter","Meatless Frankfurter","Frankfurter, meatless","Produce",""
"vegetarian-meatloaf-or-patties","Vegetarian Meatloaf or Patties","Vegetarian meatloaf or patties","Produce",""
"hawaiian-style-radishes","Hawaiian Style Radishes","Radishes, hawaiian style, pickled","Produce",""
"japanese-style-cabbage","Japanese Style Cabbage","Cabbage, japanese style, fresh, pickled","Produce","cabbage"
"mustard-cabbage","Mustard Cabbage","Cabbage, mustard, salted","Produce","cabbage"
"pickled-eggplant","Pickled Eggplant","Eggplant, pickled","Produce","eggplant"
"meatless-bacon-bits","Meatless Bacon Bits","Bacon bits, meatless","Produce",""
"butter-replacement-without-fat-oil","Butter Replacement Without Fat Oil","Butter replacement, without fat, powder","Oils & Fats",""
"salad-dressing-buttermilk-oil","Salad Dressing Buttermilk Oil","Salad dressing, buttermilk, lite","Oils & Fats",""
"tabletop-fructose-sweeteners-snacks","Tabletop Fructose Sweeteners","Sweeteners, tabletop, fructose, dry, powder","Snacks",""
"instant-breakfast-powder-beverage-dairy","Instant Breakfast Powder Beverage","Beverage, instant breakfast powder, chocolate, sugar-free, not reconstituted","Dairy",""
"fruit-variety-yogurt","Fruit Variety Yogurt","Yogurt, fruit variety, nonfat","Dairy","yogurt"
"dietetic-whipped-cream-substitute","Dietetic Whipped Cream Substitute","Whipped cream substitute, dietetic, made from powdered mix","Dairy","cream"
"american-cheddar-cheese","American Cheddar Cheese","Cheese, american cheddar, imitation","Dairy","cheese"
"dried-longans","Dried Longans","Longans, dried","Produce",""
"loquats","Loquats","Loquats, raw","Produce",""
"mammy-apple","Mammy-Apple","Mammy-apple, (mamey), raw","Produce",""
"mangos","Mangos","Mangos, raw","Produce",""
"frozen-melon-balls","Frozen Melon Balls","Melon balls, frozen","Produce","melon"
"mulberries","Mulberries","Mulberries, raw","Produce",""
"oheloberries","Oheloberries","Oheloberries, raw","Produce",""
"california-oranges","California Oranges","Oranges, raw, California, valencias","Produce","orange"
"florida-oranges","Florida Oranges","Oranges, raw, Florida","Produce","orange"
"with-peel-oranges","With Peel Oranges","Oranges, raw, with peel","Produce","orange"
"frozen-concentrate-orange-juice-produce","Frozen Concentrate Orange Juice","Orange juice, frozen concentrate, unsweetened, diluted with 3 volume water, with added calcium","Produce","orange"
"tangerine-juice","Tangerine Juice","Tangerine juice, raw","Produce",""
"papayas","Papayas","Papayas, raw","Produce",""
"canned-papaya","Canned Papaya","Papaya, canned, heavy syrup, drained","Produce",""
"dehydrated-low-moisture-peaches","Dehydrated (Low-Moisture) Peaches","Peaches, dehydrated (low-moisture), sulfured, uncooked","Produce",""
"dried-peaches","Dried Peaches","Peaches, dried, sulfured, uncooked","Produce",""
"canned-pear-nectar-produce","Canned Pear Nectar","Pear nectar, canned, without added ascorbic acid","Produce","pear"
"japanese-persimmons","Japanese Persimmons","Persimmons, japanese, raw","Produce",""
"japanese-persimmons-produce","Japanese Persimmons","Persimmons, japanese, dried","Produce",""
"native-persimmons","Native Persimmons","Persimmons, native, raw","Produce",""
"frozen-pineapple","Frozen Pineapple","Pineapple, frozen, chunks, sweetened","Produce","pineapple"
"canned-or-bottled-pineapple-juice-produce","Canned or Bottled Pineapple Juice","Pineapple juice, canned or bottled, unsweetened, without added ascorbic acid","Produce","pineapple"
"frozen-concentrate-pineapple-juice-produce","Frozen Concentrate Pineapple Juice","Pineapple juice, frozen concentrate, unsweetened, undiluted","Produce","pineapple"
"plums","Plums","Plums, raw","Produce",""
"sprouted-mung-beans","Sprouted Mung Beans","Mung beans, mature seeds, sprouted, raw","Produce","bean"
"pinto-beans","Pinto Beans","Beans, pinto, immature seeds, frozen, unprepared","Produce","bean"
"shellie-beans","Shellie Beans","Beans, shellie, canned, solids and liquids","Produce","bean"
"frozen-broccoli","Frozen Broccoli","Broccoli, frozen, chopped, unprepared","Produce","broccoli"
"frozen-broccoli-produce","Frozen Broccoli","Broccoli, frozen, spears, unprepared (Includes foods for USDA's Food Distribution Program)","Produce","broccoli"
"frozen-brussels-sprouts","Frozen Brussels Sprouts","Brussels sprouts, frozen, unprepared","Produce",""
"burdock-root","Burdock Root","Burdock root, raw","Produce",""
"chinese-pe-tsai-cabbage","Chinese (Pe-Tsai) Cabbage","Cabbage, chinese (pe-tsai), raw","Produce","cabbage"
"cardoon","Cardoon","Cardoon, raw","Produce",""
"cassava","Cassava","Cassava, raw","Produce",""
"celtuce","Celtuce","Celtuce, raw","Produce",""
"swiss-chard","Swiss Chard","Chard, swiss, raw","Produce",""
"chicory-greens","Chicory Greens","Chicory greens, raw","Produce",""
"chicory-roots","Chicory Roots","Chicory roots, raw","Produce",""
"chives","Chives","Chives, raw","Produce",""
"garland-chrysanthemum","Garland Chrysanthemum","Chrysanthemum, garland, raw","Produce",""
"coriander-cilantro-leaves","Coriander (Cilantro) Leaves","Coriander (cilantro) leaves, raw","Produce",""
"onions","Onions","Onions, raw","Produce","onion"
"dehydrated-flakes-onions","Dehydrated Flakes Onions","Onions, dehydrated flakes","Produce","onion"
"canned-onions","Canned Onions","Onions, canned, solids and liquids","Produce","onion"
"spring-or-scallions-includes-tops-and-bulb-onions","Spring or Scallions (Includes Tops and Bulb) Onions","Onions, spring or scallions (includes tops and bulb), raw","Produce","onion"
"young-green-onions","Young Green Onions","Onions, young green, tops only","Produce","onion"
"welsh-onions","Welsh Onions","Onions, welsh, raw","Produce","onion"
"sweet-onions","Sweet Onions","Onions, sweet, raw","Produce","onion"
"edible-podded-peas","Edible-Podded Peas","Peas, edible-podded, raw","Produce","pea"
"edible-podded-peas-produce","Edible-Podded Peas","Peas, edible-podded, frozen, unprepared","Produce","pea"
"green-includes-baby-and-lesuer-types-peas","Green (Includes Baby and Lesuer Types) Peas","Peas, green (includes baby and lesuer types), canned, drained solids, unprepared","Produce","pea"
"green-peas-produce","Green Peas","Peas, green, canned, seasoned, solids and liquids","Produce","pea"
"canned-peas-and-onions","Canned Peas and Onions","Peas and onions, canned, solids and liquids","Produce","onion"
"frozen-peas-and-onions","Frozen Peas and Onions","Peas and onions, frozen, unprepared","Produce","onion"
"immature-seeds-pigeonpeas","Immature Seeds Pigeonpeas","Pigeonpeas, immature seeds, raw","Produce",""
"potatoes","Potatoes","Potatoes, flesh and skin, raw","Produce","potato"
"russet-potatoes-produce","Russet Potatoes","Potatoes, russet, flesh and skin, raw (Includes foods for USDA's Food Distribution Program)","Produce","potato"
"white-potatoes","White Potatoes","Potatoes, white, flesh and skin, raw","Produce","potato"
"red-potatoes-produce","Red Potatoes","Potatoes, red, flesh and skin, raw","Produce","potato"
"skin-potatoes","Skin Potatoes","Potatoes, raw, skin","Produce","potato"
"hash-brown-potatoes-produce","Hash Brown Potatoes","Potatoes, hash brown, frozen, plain, unprepared","Produce","potato"
"frozen-potato-puffs","Frozen Potato Puffs","Potato puffs, frozen, unprepared","Produce","potato"
"frozen-potato-puffs-produce","Frozen Potato Puffs","Potato puffs, frozen, oven-heated","Produce","potato"
"red-tomatoes","Red Tomatoes","Tomatoes, red, ripe, canned, packed in tomato juice","Produce","tomato"
"red-tomatoes-produce","Red Tomatoes","Tomatoes, red, ripe, canned, with green chilies","Produce","tomato"
"canned-tomato-products","Canned Tomato Products","Tomato products, canned, sauce","Produce","tomato"
"canned-tomato-products-produce","Canned Tomato Products","Tomato products, canned, sauce, with mushrooms","Produce","tomato"
"frozen-turnips","Frozen Turnips","Turnips, frozen, unprepared","Produce",""
"turnip-greens","Turnip Greens","Turnip greens, raw","Produce","turnip"
"canned-vegetable-juice-cocktail","Canned Vegetable Juice Cocktail","Vegetable juice cocktail, canned","Produce",""
"mixed-vegetables","Mixed Vegetables","Vegetables, mixed, canned, solids and liquids","Produce",""
"mixed-vegetables-produce","Mixed Vegetables","Vegetables, mixed, canned, drained solids","Produce",""
"chinese-waterchestnuts","Chinese Waterchestnuts","Waterchestnuts, chinese, (matai), raw","Produce",""
"chinese-waterchestnuts-produce","Chinese Waterchestnuts","Waterchestnuts, chinese, canned, solids and liquids","Produce",""
"watercress","Watercress","Watercress, raw","Produce",""
"waxgourd","Waxgourd","Waxgourd, (chinese preserving melon), raw","Produce",""
"winged-bean-tuber","Winged Bean Tuber","Winged bean tuber, raw","Produce","bean"
"yam","Yam","Yam, raw","Produce",""
"yambean-jicama","Yambean (Jicama)","Yambean (jicama), raw","Produce",""
"freeze-dried-chives","Freeze-Dried Chives","Chives, freeze-dried","Produce",""
"dock","Dock","Dock, raw","Produce",""
"eppaw","Eppaw","Eppaw, raw","Produce",""
"mung-beans","Mung Beans","Beans, mung, mature seeds, sprouted, canned, drained solids","Produce","bean"
"jalapeno-peppers-produce","Jalapeno Peppers","Peppers, jalapeno, canned, solids and liquids","Produce","pepper"
"white-icicle-radishes","White Icicle Radishes","Radishes, white icicle, raw","Produce",""
"freeze-dried-shallots","Freeze-Dried Shallots","Shallots, freeze-dried","Produce",""
"pinto-beans-produce","Pinto Beans","Beans, pinto, mature seeds, sprouted, raw","Produce","bean"
"agar-seaweed-produce","Agar Seaweed","Seaweed, agar, dried","Produce",""
"spirulina-seaweed","Spirulina Seaweed","Seaweed, spirulina, raw","Produce",""
"potato-pancakes","Potato Pancakes","Potato pancakes","Produce","potato"
"sprouted-radish-seeds","Sprouted Radish Seeds","Radish seeds, sprouted, raw","Produce","radish"
"yellow-tomatoes","Yellow Tomatoes","Tomatoes, yellow, raw","Produce","tomato"
"hot-chili-peppers","Hot Chili Peppers","Peppers, hot chili, red, raw","Produce","pepper"
"hot-chili-peppers-produce","Hot Chili Peppers","Peppers, hot chili, red, canned, excluding seeds, solids and liquids","Produce","pepper"
"portabella-mushrooms-produce","Portabella Mushrooms","Mushrooms, portabella, exposed to ultraviolet light, raw","Produce","mushroom"
"breadfruit-seeds","Breadfruit Seeds","Seeds, breadfruit seeds, raw","Nuts & Seeds","breadfruit"
"low-fat-glandless-cottonseed-flour","Low Fat (Glandless) Cottonseed Flour","Seeds, cottonseed flour, low fat (glandless)","Nuts & Seeds","low"
"partially-defatted-glandless-cottonseed-meal","Partially Defatted (Glandless) Cottonseed Meal","Seeds, cottonseed meal, partially defatted (glandless)","Nuts & Seeds","partially"
"hulled-hemp-seed","Hulled Hemp Seed","Seeds, hemp seed, hulled","Nuts & Seeds","hemp"
"dried-lotus-seeds","Dried Lotus Seeds","Seeds, lotus seeds, dried","Nuts & Seeds","lotus"
"whole-sesame-seeds","Whole Sesame Seeds","Seeds, sesame seeds, whole, dried","Nuts & Seeds","sesame"
"whole-sesame-seeds-nuts-and-seeds","Whole Sesame Seeds","Seeds, sesame seeds, whole, roasted and toasted","Nuts & Seeds","sesame"
"partially-defatted-sesame-flour","Partially Defatted Sesame Flour","Seeds, sesame flour, partially defatted","Nuts & Seeds","sesame"
"without-salt-sunflower-seed-butter","Without Salt Sunflower Seed Butter","Seeds, sunflower seed butter, without salt","Nuts & Seeds","sunflower"
"partially-defatted-sunflower-seed-flour","Partially Defatted Sunflower Seed Flour","Seeds, sunflower seed flour, partially defatted","Nuts & Seeds","sunflower"
"acorns","Acorns","Nuts, acorns, raw","Nuts & Seeds","acorns"
"dry-roasted-almonds-nuts-and-seeds","Dry Roasted Almonds","Nuts, almonds, dry roasted, without salt added","Nuts & Seeds","almond"
"almond-paste","Almond Paste","Nuts, almond paste","Nuts & Seeds","almond"
"dried-beechnuts","Dried Beechnuts","Nuts, beechnuts, dried","Nuts & Seeds","dried"
"without-salt-added-cashew-butter","Without Salt Added Cashew Butter","Nuts, cashew butter, plain, without salt added","Nuts & Seeds","cashew"
"chinese-chestnuts","Chinese Chestnuts","Nuts, chestnuts, chinese, raw","Nuts & Seeds","chestnut"
"chinese-chestnuts-nuts-and-seeds","Chinese Chestnuts","Nuts, chestnuts, chinese, dried","Nuts & Seeds","chestnut"
"european-chestnuts","European Chestnuts","Nuts, chestnuts, european, dried, peeled","Nuts & Seeds","chestnut"
"coconut-meat","Coconut Meat","Nuts, coconut meat, raw","Nuts & Seeds","coconut"
"canned-coconut-cream","Canned Coconut Cream","Nuts, coconut cream, canned, sweetened","Nuts & Seeds","coconut"
"raw-liquid-expressed-from-grated-meat-and-water-coconut-milk","Raw (Liquid Expressed From Grated Meat and Water) Coconut Milk","Nuts, coconut milk, raw (liquid expressed from grated meat and water)","Nuts & Seeds","coconut"
"canned-liquid-expressed-from-grated-meat-and-water-coconut-milk","Canned (Liquid Expressed From Grated Meat and Water) Coconut Milk","Nuts, coconut milk, canned (liquid expressed from grated meat and water)","Nuts & Seeds","coconut"
"coconut-water-liquid-from-coconuts","Coconut Water (Liquid From Coconuts)","Nuts, coconut water (liquid from coconuts)","Nuts & Seeds","coconut"
"dried-ginkgo-nuts","Dried Ginkgo Nuts","Nuts, ginkgo nuts, dried","Nuts & Seeds","dried"
"canned-ginkgo-nuts","Canned Ginkgo Nuts","Nuts, ginkgo nuts, canned","Nuts & Seeds","canned"
"dried-hickorynuts","Dried Hickorynuts","Nuts, hickorynuts, dried","Nuts & Seeds","dried"
"dry-roasted-macadamia-nuts-nuts-and-seeds","Dry Roasted Macadamia Nuts","Nuts, macadamia nuts, dry roasted, without salt added","Nuts & Seeds","macadamia"
"wheat-based-formulated-nuts-and-seeds","Wheat-Based Formulated","Nuts, formulated, wheat-based, unflavored, with salt added","Nuts & Seeds","wheat-based"
"dry-roasted-mixed-nuts-nuts-and-seeds","Dry Roasted Mixed Nuts","Nuts, mixed nuts, dry roasted, with peanuts, salt added, CHOSEN ROASTER","Nuts & Seeds","dry"
"dry-roasted-pecans-nuts-and-seeds","Dry Roasted Pecans","Nuts, pecans, dry roasted, without salt added","Nuts & Seeds","pecan"
"dry-roasted-pistachio-nuts-nuts-and-seeds","Dry Roasted Pistachio Nuts","Nuts, pistachio nuts, dry roasted, without salt added","Nuts & Seeds","pistachio"
"black-walnuts","Black Walnuts","Nuts, walnuts, black, dried","Nuts & Seeds","walnut"
"whole-pumpkin-and-squash-seeds-nuts-and-seeds","Whole Pumpkin and Squash Seeds","Seeds, pumpkin and squash seeds, whole, roasted, without salt","Nuts & Seeds","pumpkin"
"european-chestnuts-nuts-and-seeds","European Chestnuts","Nuts, chestnuts, european, roasted","Nuts & Seeds","chestnut"
"paste-sesame-butter","Paste Sesame Butter","Seeds, sesame butter, paste","Nuts & Seeds","sesame"
"high-fat-sesame-flour","High-Fat Sesame Flour","Seeds, sesame flour, high-fat","Nuts & Seeds","sesame"
"beef-cured","Beef Cured","Beef, cured, breakfast strips, raw or unheated","Protein","beef"
"beef-cured-protein","Beef Cured","Beef, cured, corned beef, brisket, raw","Protein","beef"
"tabletop-sucralose-sweeteners","Tabletop Sucralose Sweeteners","Sweeteners, tabletop, sucralose, SPLENDA packets","Snacks",""
"maple-canadian-syrup","Maple Canadian Syrup","Syrup, maple, Canadian","Snacks",""
"syrup-agave-sweetener","Syrup Agave Sweetener","Sweetener, syrup, agave","Snacks",""
"preserves-marmalades-jams","Preserves Marmalades Jams","Jams, preserves, marmalades, sweetened with fruit juice","Snacks",""
"hulled-barley","Hulled Barley","Barley, hulled","Grains & Cereals",""
"pearled-barley","Pearled Barley","Barley, pearled, raw","Grains & Cereals",""
"yellow-corn-grain","Yellow Corn Grain","Corn grain, yellow","Grains & Cereals",""
"crude-corn-bran","Crude Corn Bran","Corn bran, crude","Grains & Cereals",""
"whole-grain-yellow-corn-flour","Whole-Grain Yellow Corn Flour","Corn flour, whole-grain, yellow","Grains & Cereals",""
"beet-greens","Beet Greens","Beet greens, raw","Produce","beet"
"immature-seeds-broadbeans","Immature Seeds Broadbeans","Broadbeans, immature seeds, raw","Produce",""
"broccoli-raab","Broccoli Raab","Broccoli raab, raw","Produce","broccoli"
"butterbur","Butterbur","Butterbur, (fuki), raw","Produce",""
"canned-butterbur","Canned Butterbur","Butterbur, canned","Produce",""
"savoy-cabbage","Savoy Cabbage","Cabbage, savoy, raw","Produce","cabbage"
"kimchi-cabbage","Kimchi Cabbage","Cabbage, kimchi","Produce","cabbage"
"frozen-cauliflower","Frozen Cauliflower","Cauliflower, frozen, unprepared","Produce","cauliflower"
"celeriac","Celeriac","Celeriac, raw","Produce",""
"fruit-chayote","Fruit Chayote","Chayote, fruit, raw","Produce",""
"witloof-chicory","Witloof Chicory","Chicory, witloof, raw","Produce",""
"frozen-collards","Frozen Collards","Collards, frozen, chopped, unprepared","Produce",""
"frozen-onions","Frozen Onions","Onions, frozen, chopped, unprepared","Produce","onion"
"frozen-onions-produce","Frozen Onions","Onions, frozen, whole, unprepared","Produce","onion"
"fresh-parsley","Fresh Parsley","Parsley, fresh","Produce",""
"parsnips","Parsnips","Parsnips, raw","Produce",""
"sprouted-peas","Sprouted Peas","Peas, mature seeds, sprouted, raw","Produce","pea"
"canned-peas-and-carrots","Canned Peas and Carrots","Peas and carrots, canned, regular pack, solids and liquids","Produce","carrot"
"frozen-peas-and-carrots","Frozen Peas and Carrots","Peas and carrots, frozen, unprepared","Produce","carrot"
"poi","Poi","Poi","Produce",""
"pokeberry-shoots","Pokeberry Shoots","Pokeberry shoots, (poke), raw","Produce",""
"canned-potatoes-produce","Canned Potatoes","Potatoes, canned, solids and liquids","Produce","potato"
"au-gratin-potatoes","Au Gratin Potatoes","Potatoes, au gratin, dry mix, unprepared","Produce","potato"
"au-gratin-potatoes-produce","Au Gratin Potatoes","Potatoes, au gratin, dry mix, prepared with water, whole milk and butter","Produce","potato"
"scalloped-potatoes","Scalloped Potatoes","Potatoes, scalloped, dry mix, unprepared","Produce","potato"
"scalloped-potatoes-produce","Scalloped Potatoes","Potatoes, scalloped, dry mix, prepared with water, whole milk and butter","Produce","potato"
"obrien-potatoes","O'Brien Potatoes","Potatoes, o'brien, frozen, unprepared","Produce","potato"
"obrien-potatoes-produce","O'Brien Potatoes","Potatoes, o'brien, frozen, prepared","Produce","potato"
"green-tomatoes","Green Tomatoes","Tomatoes, green, raw","Produce","tomato"
"tomato-powder","Tomato Powder","Tomato powder","Produce","tomato"
"turnips","Turnips","Turnips, raw","Produce",""
"canned-turnip-greens-produce","Canned Turnip Greens","Turnip greens, canned, solids and liquids","Produce","turnip"
"frozen-turnip-greens","Frozen Turnip Greens","Turnip greens, frozen, unprepared","Produce","turnip"
"frozen-turnip-greens-and-turnips","Frozen Turnip Greens and Turnips","Turnip greens and turnips, frozen, unprepared","Produce","turnip"
"low-sodium-vegetable-juice-cocktail","Low Sodium Vegetable Juice Cocktail","Vegetable juice cocktail, low sodium, canned","Produce",""
"vinespinach","Vinespinach","Vinespinach, (basella), raw","Produce",""
"immature-seeds-winged-beans","Immature Seeds Winged Beans","Winged beans, immature seeds, raw","Produce","bean"
"winged-bean-leaves","Winged Bean Leaves","Winged bean leaves, raw","Produce","bean"
"harvard-beets","Harvard Beets","Beets, harvard, canned, solids and liquids","Produce",""
"pickled-beets","Pickled Beets","Beets, pickled, canned, solids and liquids","Produce",""
"borage","Borage","Borage, raw","Produce",""
"drumstick-pods","Drumstick Pods","Drumstick pods, raw","Produce",""
"freeze-dried-leeks","Freeze-Dried Leeks","Leeks, (bulb and lower-leaf portion), freeze-dried","Produce",""
"freeze-dried-parsley","Freeze-Dried Parsley","Parsley, freeze-dried","Produce",""
"canned-carrot-juice","Canned Carrot Juice","Carrot juice, canned","Produce","carrot"
"spinach-souffle","Spinach Souffle","Spinach souffle","Produce","spinach"
"spirulina-seaweed-produce","Spirulina Seaweed","Seaweed, spirulina, dried","Produce",""
"wakame-seaweed","Wakame Seaweed","Seaweed, wakame, raw","Produce",""
"shallots","Shallots","Shallots, raw","Produce",""
"dehydrated-carrot","Dehydrated Carrot","Carrot, dehydrated","Produce","carrot"
"orange-tomatoes","Orange Tomatoes","Tomatoes, orange, raw","Produce","tomato"
"canned-peas-and-carrots-produce","Canned Peas and Carrots","Peas and carrots, canned, no salt added, solids and liquids","Produce","carrot"
"canned-pumpkin-produce","Canned Pumpkin","Pumpkin, canned, with salt","Produce",""
"canned-tomato-juice","Canned Tomato Juice","Tomato juice, canned, without salt added","Produce","tomato"
"breadnut-tree-seeds","Breadnut Tree Seeds","Seeds, breadnut tree seeds, raw","Nuts & Seeds","breadnut"
"dried-breadnut-tree-seeds","Dried Breadnut Tree Seeds","Seeds, breadnut tree seeds, dried","Nuts & Seeds","dried"
"partially-defatted-glandless-cottonseed-flour","Partially Defatted (Glandless) Cottonseed Flour","Seeds, cottonseed flour, partially defatted (glandless)","Nuts & Seeds","partially"
"roasted-pumpkin-and-squash-seed-kernels-nuts-and-seeds","Roasted Pumpkin and Squash Seed Kernels","Seeds, pumpkin and squash seed kernels, roasted, without salt","Nuts & Seeds","pumpkin"
"dried-safflower-seed-kernels","Dried Safflower Seed Kernels","Seeds, safflower seed kernels, dried","Nuts & Seeds","dried"
"partially-defatted-safflower-seed-meal","Partially Defatted Safflower Seed Meal","Seeds, safflower seed meal, partially defatted","Nuts & Seeds","partially"
"low-fat-sesame-flour","Low-Fat Sesame Flour","Seeds, sesame flour, low-fat","Nuts & Seeds","sesame"
"partially-defatted-sesame-meal","Partially Defatted Sesame Meal","Seeds, sesame meal, partially defatted","Nuts & Seeds","sesame"
"dry-roasted-sunflower-seed-kernels-nuts-and-seeds","Dry Roasted Sunflower Seed Kernels","Seeds, sunflower seed kernels, dry roasted, without salt","Nuts & Seeds","sunflower"
"oil-roasted-sunflower-seed-kernels-nuts-and-seeds","Oil Roasted Sunflower Seed Kernels","Seeds, sunflower seed kernels, oil roasted, without salt","Nuts & Seeds","sunflower"
"dried-acorns","Dried Acorns","Nuts, acorns, dried","Nuts & Seeds","dried"
"full-fat-acorn-flour","Full Fat Acorn Flour","Nuts, acorn flour, full fat","Nuts & Seeds","acorn"
"blanched-almonds","Blanched Almonds","Nuts, almonds, blanched","Nuts & Seeds","almond"
"dried-brazilnuts","Dried Brazilnuts","Nuts, brazilnuts, dried, unblanched","Nuts & Seeds","dried"
"dried-butternuts","Dried Butternuts","Nuts, butternuts, dried","Nuts & Seeds","dried"
"dry-roasted-cashew-nuts-nuts-and-seeds","Dry Roasted Cashew Nuts","Nuts, cashew nuts, dry roasted, without salt added","Nuts & Seeds","cashew"
"oil-roasted-cashew-nuts-nuts-and-seeds","Oil Roasted Cashew Nuts","Nuts, cashew nuts, oil roasted, without salt added","Nuts & Seeds","cashew"
"raw-liquid-expressed-from-grated-meat-coconut-cream","Raw (Liquid Expressed From Grated Meat) Coconut Cream","Nuts, coconut cream, raw (liquid expressed from grated meat)","Nuts & Seeds","coconut"
"blanched-hazelnuts-or-filberts","Blanched Hazelnuts or Filberts","Nuts, hazelnuts or filberts, blanched","Nuts & Seeds","hazelnut"
"dry-roasted-hazelnuts-or-filberts","Dry Roasted Hazelnuts or Filberts","Nuts, hazelnuts or filberts, dry roasted, without salt added","Nuts & Seeds","hazelnut"
"ginkgo-nuts","Ginkgo Nuts","Nuts, ginkgo nuts, raw","Nuts & Seeds","ginkgo"
"oil-roasted-pecans-nuts-and-seeds","Oil Roasted Pecans","Nuts, pecans, oil roasted, without salt added","Nuts & Seeds","pecan"
"dried-pilinuts","Dried Pilinuts","Nuts, pilinuts, dried","Nuts & Seeds","dried"
"pinyon-pine-nuts","Pinyon Pine Nuts","Nuts, pine nuts, pinyon, dried","Nuts & Seeds","pine"
"glazed-walnuts","Glazed Walnuts","Nuts, walnuts, glazed","Nuts & Seeds","walnut"
"dry-roasted-walnuts","Dry Roasted Walnuts","Nuts, walnuts, dry roasted, with salt added","Nuts & Seeds","walnut"
"roasted-breadfruit-seeds","Roasted Breadfruit Seeds","Seeds, breadfruit seeds, roasted","Nuts & Seeds","breadfruit"
"roasted-glandless-cottonseed-kernels","Roasted (Glandless) Cottonseed Kernels","Seeds, cottonseed kernels, roasted (glandless)","Nuts & Seeds","roasted"
"apricot-jams-and-preserves","Apricot Jams and Preserves","Jams and preserves, apricot","Snacks",""
"dry-powder-hi-fat-or-breakfast-cocoa","Dry Powder Hi-Fat or Breakfast Cocoa","Cocoa, dry powder, hi-fat or breakfast, processed with alkali","Snacks",""
"for-baking-brown-sweeteners","For Baking Brown Sweeteners","Sweeteners, for baking, brown, contains sugar and sucralose","Snacks",""
"for-baking-contains-sugar-and-sucralose-sweeteners","For Baking Contains Sugar and Sucralose Sweeteners","Sweeteners, for baking, contains sugar and sucralose","Snacks",""
"turbinado-sugar","Turbinado Sugar","Sugar, turbinado","Snacks",""
"sugar-substitute-granulated-sweeteners","Sugar Substitute Granulated Sweeteners","Sweeteners, sugar substitute, granulated, brown","Snacks",""
"herbal-extract-powder-from-stevia-leaf-sweetener","Herbal Extract Powder From Stevia Leaf Sweetener","Sweetener, herbal extract powder from Stevia leaf","Snacks",""
"amaranth-grain","Amaranth Grain","Amaranth grain, uncooked","Grains & Cereals",""
"arrowroot-flour","Arrowroot Flour","Arrowroot flour","Grains & Cereals",""
"beef-chuck-eye-country-style-ribs","Beef Chuck Eye Country-Style Ribs","Beef, chuck eye Country-Style ribs, boneless, separable lean only, trimmed to 0"" fat, choice, raw","Protein","beef"
"beef-chuck-eye-steak","Beef Chuck Eye Steak","Beef, chuck eye steak, boneless, separable lean only, trimmed to 0"" fat, choice, raw","Protein","beef"
"beef-chuck-eye-steak-protein","Beef Chuck Eye Steak","Beef, chuck eye steak, boneless, separable lean only, trimmed to 0"" fat, select, raw","Protein","beef"
"beef-chuck-eye-country-style-ribs-protein","Beef Chuck Eye Country-Style Ribs","Beef, chuck eye Country-Style ribs, boneless, separable lean and fat, trimmed to 0"" fat, all grades, raw","Protein","beef"
"beef-rib-eye-steakroast","Beef Rib Eye Steak/Roast","Beef, rib eye steak/roast, bone-in, lip-on, separable lean only, trimmed to 1/8"" fat, select, raw","Protein","beef"
"beef-rib-eye-steakroast-protein","Beef Rib Eye Steak/Roast","Beef, rib eye steak/roast, boneless, lip-on, separable lean only, trimmed to 1/8"" fat, all grades, raw","Protein","beef"
"fontina-cheese","Fontina Cheese","Cheese, fontina","Dairy","cheese"
"monterey-cheese-dairy","Monterey Cheese","Cheese, monterey","Dairy","cheese"
"port-de-salut-cheese","Port De Salut Cheese","Cheese, port de salut","Dairy","cheese"
"provolone-cheese-dairy","Provolone Cheese","Cheese, provolone","Dairy","cheese"
"tilsit-cheese","Tilsit Cheese","Cheese, tilsit","Dairy","cheese"
"cold-pack-cheese-food","Cold Pack Cheese Food","Cheese food, cold pack, American","Dairy","cheese"
"fluid-cream","Fluid Cream","Cream, fluid, light (coffee cream or table cream)","Dairy","cream"
"fluid-cream-dairy","Fluid Cream","Cream, fluid, light whipping","Dairy","cream"
"whipped-cream","Whipped Cream","Cream, whipped, cream topping, pressurized","Dairy","cream"
"filled-milk","Filled Milk","Milk, filled, fluid, with blend of hydrogenated vegetable oils","Dairy","milk"
"filled-milk-dairy","Filled Milk","Milk, filled, fluid, with lauric acid oil","Dairy","milk"
"american-cheese-dairy","American Cheese","Cheese, American, nonfat or fat free","Dairy","cheese"
"powdered-dessert-topping","Powdered Dessert Topping","Dessert topping, powdered","Dairy",""
"powdered-dessert-topping-dairy","Powdered Dessert Topping","Dessert topping, powdered, 1.5 ounce prepared with 1/2 cup milk","Dairy",""
"pressurized-dessert-topping","Pressurized Dessert Topping","Dessert topping, pressurized","Dairy",""
"semi-solid-dessert-topping","Semi Solid Dessert Topping","Dessert topping, semi solid, frozen","Dairy",""
"imitation-sour-cream","Imitation Sour Cream","Sour cream, imitation, cultured","Dairy","cream"
"reduced-fat-milk-dairy","Reduced Fat Milk","Milk, reduced fat, fluid, 2% milkfat, with added nonfat milk solids and vitamin A and vitamin D","Dairy","milk"
"lowfat-milk-dairy","Lowfat Milk","Milk, lowfat, fluid, 1% milkfat, with added nonfat milk solids, vitamin A and vitamin D","Dairy","milk"
"low-sodium-milk","Low Sodium Milk","Milk, low sodium, fluid","Dairy","milk"
"dry-milk","Dry Milk","Milk, dry, whole, with added vitamin D","Dairy","milk"
"dry-milk-dairy","Dry Milk","Milk, dry, nonfat, regular, without added vitamin A and vitamin D","Dairy","milk"
"canned-milk","Canned Milk","Milk, canned, evaporated, nonfat, with added vitamin A and vitamin D","Dairy","milk"
"chocolate-milk","Chocolate Milk","Milk, chocolate, fluid, commercial, whole, with added vitamin A and vitamin D","Dairy","milk"
"chocolate-milk-dairy","Chocolate Milk","Milk, chocolate, fluid, commercial, reduced fat, with added vitamin A and vitamin D","Dairy","milk"
"sheep-milk","Sheep Milk","Milk, sheep, fluid","Dairy","milk"
"acid-whey","Acid Whey","Whey, acid, fluid","Dairy","whey"
"low-fat-yogurt","Low Fat Yogurt","Yogurt, plain, low fat","Dairy","yogurt"
"skim-milk-yogurt","Skim Milk Yogurt","Yogurt, plain, skim milk","Dairy","milk"
"vanilla-yogurt","Vanilla Yogurt","Yogurt, vanilla, low fat.","Dairy","yogurt"
"fruit-yogurt","Fruit Yogurt","Yogurt, fruit, low fat,9 g protein/8 oz","Dairy","yogurt"
"frozen-milk-dessert-bar","Frozen Milk Dessert Bar","Milk dessert bar, frozen, made from lowfat milk","Dairy","milk"
"liquid-nutritional-supplement-for-people-with-diabetes","Liquid Nutritional Supplement For People with Diabetes","Nutritional supplement for people with diabetes, liquid","Dairy",""
"american-or-cheddar-cheese-base-cheese-spread","American or Cheddar Cheese Base Cheese Spread","Cheese spread, American or Cheddar cheese base, reduced fat","Dairy","cheese"
"mexican-cheese","Mexican Cheese","Cheese, mexican, queso cotija","Dairy","cheese"
"cheddar-cheese-dairy","Cheddar Cheese","Cheese, cheddar, sharp, sliced","Dairy","cheese"
"lowfat-kefir","Lowfat Kefir","Kefir, lowfat, plain, LIFEWAY","Dairy","kefir"
"vanilla-yogurt-dairy","Vanilla Yogurt","Yogurt, vanilla, non-fat","Dairy","yogurt"
"bay-leaf","Bay Leaf","Spices, bay leaf","Spices & Herbs",""
"caraway-seed","Caraway Seed","Spices, caraway seed","Spices & Herbs",""
"cardamom","Cardamom","Spices, cardamom","Spices & Herbs",""
"celery-seed","Celery Seed","Spices, celery seed","Spices & Herbs",""
"coriander-leaf","Coriander Leaf","Spices, coriander leaf, dried","Spices & Herbs",""
"coriander-seed","Coriander Seed","Spices, coriander seed","Spices & Herbs",""
"cumin-seed","Cumin Seed","Spices, cumin seed","Spices & Herbs",""
"curry-powder","Curry Powder","Spices, curry powder","Spices & Herbs",""
"dill-seed","Dill Seed","Spices, dill seed","Spices & Herbs",""
"ginger","Ginger","Spices, ginger, ground","Spices & Herbs",""
"mace","Mace","Spices, mace, ground","Spices & Herbs",""
"marjoram","Marjoram","Spices, marjoram, dried","Spices & Herbs",""
"mustard-seed","Mustard Seed","Spices, mustard seed, ground","Spices & Herbs",""
"parsley","Parsley","Spices, parsley, dried","Spices & Herbs",""
"pepper","Pepper","Spices, pepper, black","Spices & Herbs",""
"pepper-spices-and-herbs","Pepper","Spices, pepper, red or cayenne","Spices & Herbs",""
"saffron","Saffron","Spices, saffron","Spices & Herbs",""
"sage","Sage","Spices, sage, ground","Spices & Herbs",""
"savory","Savory","Spices, savory, ground","Spices & Herbs",""
"tarragon","Tarragon","Spices, tarragon, dried","Spices & Herbs",""
"thyme","Thyme","Spices, thyme, dried","Spices & Herbs",""
"salad-dressing-kraft-mayo-light-mayonnaise-oil","Salad Dressing Kraft Mayo Light Mayonnaise Oil","Salad dressing, KRAFT Mayo Light Mayonnaise","Oils & Fats",""
"salad-dressing-kraft-mayo-fat-free-mayonnaise-dressing-oil","Salad Dressing Kraft Mayo Fat Free Mayonnaise Dressing Oil","Salad dressing, KRAFT Mayo Fat Free Mayonnaise Dressing","Oils & Fats",""
"salad-dressing-kraft-miracle-whip-free-nonfat-dressing-oil","Salad Dressing Kraft Miracle Whip Free Nonfat Dressing Oil","Salad dressing, KRAFT MIRACLE WHIP FREE Nonfat Dressing","Oils & Fats",""
"salad-dressing-russian-dressing-oil","Salad Dressing Russian Dressing Oil","Salad dressing, russian dressing","Oils & Fats",""
"salad-dressing-sesame-seed-dressing-oil","Salad Dressing Sesame Seed Dressing Oil","Salad dressing, sesame seed dressing, regular","Oils & Fats",""
"salad-dressing-russian-dressing-oil-oils-and-fats","Salad Dressing Russian Dressing Oil","Salad dressing, russian dressing, low calorie","Oils & Fats",""
"salad-dressing-thousand-island-dressing-oil","Salad Dressing Thousand Island Dressing Oil","Salad dressing, thousand island dressing, reduced fat","Oils & Fats",""
"salad-dressing-mayonnaise-oil","Salad Dressing Mayonnaise Oil","Salad dressing, mayonnaise, regular","Oils & Fats",""
"salad-dressing-mayonnaise-oil-oils-and-fats","Salad Dressing Mayonnaise Oil","Salad dressing, mayonnaise, soybean and safflower oil, with salt","Oils & Fats",""
"household-soybean-partially-hydrogenated-cottonseed-partially-hydrogenated-oil","Household Soybean (Partially Hydrogenated)-Cottonseed (Partially Hydrogenated) Oil","Shortening, household, soybean (partially hydrogenated)-cottonseed (partially hydrogenated)","Oils & Fats",""
"soybean-oil-oils-and-fats","Soybean Oil","Oil, soybean, salad or cooking, (partially hydrogenated)","Oils & Fats",""
"rice-bran-oil","Rice Bran Oil","Oil, rice bran","Oils & Fats",""
"wheat-germ-oil","Wheat Germ Oil","Oil, wheat germ","Oils & Fats",""
"palm-oil","Palm Oil","Oil, palm","Oils & Fats",""
"sesame-oil","Sesame Oil","Oil, sesame, salad or cooking","Oils & Fats",""
"sunflower-linoleic-less-than-60-oil","Sunflower Linoleic (Less Than 60%) Oil","Oil, sunflower, linoleic (less than 60%)","Oils & Fats",""
"margarine-hard-oil","Margarine Hard Oil","Margarine, regular, hard, soybean (hydrogenated)","Oils & Fats",""
"salad-dressing-italian-dressing-oil-oils-and-fats","Salad Dressing Italian Dressing Oil","Salad dressing, italian dressing, commercial, regular","Oils & Fats",""
"salad-dressing-french-dressing-oil-oils-and-fats","Salad Dressing French Dressing Oil","Salad dressing, french dressing, commercial, regular, without salt","Oils & Fats",""
"cottonseed-oil","Cottonseed Oil","Oil, cottonseed, salad or cooking","Oils & Fats",""
"sunflower-linoleic-oil","Sunflower Linoleic Oil","Oil, sunflower, linoleic, (approx. 65%)","Oils & Fats",""
"safflower-linoleic-oil","Safflower Linoleic Oil","Oil, safflower, salad or cooking, linoleic, (over 70%)","Oils & Fats",""
"grapeseed-oil","Grapeseed Oil","Oil, grapeseed","Oils & Fats",""
"walnut-oil","Walnut Oil","Oil, walnut","Oils & Fats",""
"almond-oil","Almond Oil","Oil, almond","Oils & Fats",""
"apricot-kernel-oil","Apricot Kernel Oil","Oil, apricot kernel","Oils & Fats",""
"vegetable-natreon-canola-oil","Vegetable Natreon Canola Oil","Oil, vegetable, Natreon canola, high stability, non trans, high oleic (70%)","Oils & Fats",""
"salad-dressing-honey-mustard-dressing-oil","Salad Dressing Honey Mustard Dressing Oil","Salad dressing, honey mustard dressing, reduced calorie","Oils & Fats",""
"margarine-like-spread-benecol-light-spread-oil","Margarine-Like Spread Benecol Light Spread Oil","Margarine-like spread, BENECOL Light Spread","Oils & Fats",""
"salad-dressing-spray-style-dressing-oil","Salad Dressing Spray-Style Dressing Oil","Salad dressing, spray-style dressing, assorted flavors","Oils & Fats",""
"margarine-like-vegetable-oil-spread-oil-oils-and-fats","Margarine-Like Vegetable Oil Spread Oil","Margarine-like, vegetable oil spread, 60% fat, tub, with salt, with added vitamin D","Oils & Fats",""
"margarine-like-vegetable-oil-spread-sticktubbottle-oil","Margarine-Like Vegetable-Oil Spread Stick/Tub/Bottle Oil","Margarine-like vegetable-oil spread, stick/tub/bottle, 60% fat, with added vitamin D","Oils & Fats",""
"margarine-80-fat-oil","Margarine 80% Fat Oil","Margarine, regular, 80% fat, composite, stick, without salt, with added vitamin D","Oils & Fats",""
"industrial-canola-oil","Industrial Canola Oil","Oil, industrial, canola, high oleic","Oils & Fats",""
"salad-dressing-honey-mustard-oil","Salad Dressing Honey Mustard Oil","Salad dressing, honey mustard, regular","Oils & Fats",""
"salad-dressing-poppyseed-oil","Salad Dressing Poppyseed Oil","Salad dressing, poppyseed, creamy","Oils & Fats",""
"salad-dressing-caesar-oil-oils-and-fats","Salad Dressing Caesar Oil","Salad dressing, caesar, fat-free","Oils & Fats",""
"dressing-honey-mustard-oil","Dressing Honey Mustard Oil","Dressing, honey mustard, fat-free","Oils & Fats",""
"chicken-meat-and-skin-and-giblets-and-neck","Chicken Meat and Skin and Giblets and Neck","Chicken, broilers or fryers, meat and skin and giblets and neck, raw","Protein","chicken"
"chicken","Chicken","Chicken, broilers or fryers, meat only, raw","Protein","chicken"
"chicken-giblets","Chicken Giblets","Chicken, broilers or fryers, giblets, raw","Protein","chicken"
"chicken-liver","Chicken Liver","Chicken, liver, all classes, raw","Protein","chicken"
"chicken-protein","Chicken","Chicken, broilers or fryers, light meat, meat and skin, raw","Protein","chicken"
"chicken-back","Chicken Back","Chicken, broilers or fryers, back, meat only, raw","Protein","chicken"
"chicken-broiler-or-fryers","Chicken Broiler or Fryers","Chicken, broiler or fryers, breast, skinless, boneless, meat only, raw","Protein","chicken"
"squab","Squab","Squab, (pigeon), meat only, raw","Protein",""
"squab-light-meat-without-skin","Squab Light Meat Without Skin","Squab, (pigeon), light meat without skin, raw","Protein",""
"turkey-whole","Turkey Whole","Turkey, whole, meat and skin, raw","Protein","turkey"
"turkey-whole-protein","Turkey Whole","Turkey, whole, giblets, raw","Protein","turkey"
"turkey-gizzard","Turkey Gizzard","Turkey, gizzard, all classes, raw","Protein","turkey"
"turkey-all-classes","Turkey All Classes","Turkey, all classes, breast, meat and skin, raw","Protein","turkey"
"chicken-canned","Chicken Canned","Chicken, canned, meat only, with broth","Protein","chicken"
"turkey-canned","Turkey Canned","Turkey, canned, meat only, with broth","Protein","turkey"
"turkey-diced","Turkey Diced","Turkey, diced, light and dark meat, seasoned","Protein","turkey"
"poultry-mechanically-deboned","Poultry Mechanically Deboned","Poultry, mechanically deboned, from backs and necks with skin, raw","Protein",""
"poultry-mechanically-deboned-protein","Poultry Mechanically Deboned","Poultry, mechanically deboned, from backs and necks without skin, raw","Protein",""
"chicken-cornish-game-hens","Chicken Cornish Game Hens","Chicken, cornish game hens, meat only, raw","Protein","chicken"
"chicken-canned-protein","Chicken Canned","Chicken, canned, no broth","Protein","chicken"
"chicken-wing","Chicken Wing","Chicken, wing, frozen, glazed, barbecue flavored","Protein","chicken"
"chicken-broiler","Chicken Broiler","Chicken, broiler, rotisserie, BBQ, drumstick, meat only","Protein","chicken"
"chicken-wing-protein","Chicken Wing","Chicken, wing, frozen, glazed, barbecue flavored, heated (conventional oven)","Protein","chicken"
"chicken-broiler-protein","Chicken Broiler","Chicken, broiler, rotisserie, BBQ, thigh, meat only","Protein","chicken"
"turkey-thigh","Turkey Thigh","Turkey, thigh, from whole bird, meat only, with added solution, raw","Protein","turkey"
"turkey-retail-parts","Turkey Retail Parts","Turkey, retail parts, breast, meat and skin, with added solution, raw","Protein","turkey"
"turkey-retail-parts-protein","Turkey Retail Parts","Turkey, retail parts, wing, meat and skin, raw","Protein","turkey"
"turkey-drumstick","Turkey Drumstick","Turkey, drumstick, from whole bird, meat only, raw","Protein","turkey"
"turkey-back","Turkey Back","Turkey, back, from whole bird, meat and skin, with added solution, raw","Protein","turkey"
"mushroom-with-beef-stock-canned-soup","Mushroom with Beef Stock Canned Soup","Soup, mushroom with beef stock, canned, condensed","Condiments & Sauces",""
"vegetable-with-beef-broth-canned-soup","Vegetable with Beef Broth Canned Soup","Soup, vegetable with beef broth, canned, condensed","Condiments & Sauces",""
"teriyaki-ready-to-serve-sauce","Teriyaki Ready-To-Serve Sauce","Sauce, teriyaki, ready-to-serve","Condiments & Sauces",""
"au-jus-canned-gravy","Au Jus Canned Gravy","Gravy, au jus, canned","Condiments & Sauces",""
"au-jus-dry-gravy","Au Jus Dry Gravy","Gravy, au jus, dry","Condiments & Sauces",""
"mushroom-canned-gravy","Mushroom Canned Gravy","Gravy, mushroom, canned","Condiments & Sauces",""
"mushroom-dry-gravy","Mushroom Dry Gravy","Gravy, mushroom, dry, powder","Condiments & Sauces",""
"onion-dry-gravy","Onion Dry Gravy","Gravy, onion, dry, mix","Condiments & Sauces",""
"pork-dry-gravy","Pork Dry Gravy","Gravy, pork, dry, powder","Condiments & Sauces",""
"sofrito-prepared-from-recipe-sauce","Sofrito Prepared From Recipe Sauce","Sauce, sofrito, prepared from recipe","Condiments & Sauces",""
"swanson-beef-broth-soup","Swanson Beef Broth Soup","Soup, SWANSON, beef broth, lower sodium","Condiments & Sauces",""
"swanson-vegetable-broth-soup","Swanson Vegetable Broth Soup","Soup, SWANSON, vegetable broth","Condiments & Sauces",""
"pesto-mezzetta-sauce","Pesto Mezzetta Sauce","Sauce, pesto, MEZZETTA, NAPA VALLEY BISTRO, basil pesto, ready-to-serve","Condiments & Sauces",""
"hot-chile-sriracha-sauce","Hot Chile Sriracha Sauce","Sauce, hot chile, sriracha","Condiments & Sauces",""
"hot-chile-sriracha-sauce-condiments-and-sauces","Hot Chile Sriracha Sauce","Sauce, hot chile, sriracha, CHA! BY TEXAS PETE","Condiments & Sauces",""
"cheese-ready-to-serve-sauce","Cheese Ready-To-Serve Sauce","Sauce, cheese, ready-to-serve","Condiments & Sauces",""
"gjetost-cheese","Gjetost Cheese","Cheese, gjetost","Dairy","cheese"
"gouda-cheese","Gouda Cheese","Cheese, gouda","Dairy","cheese"
"gruyere-cheese","Gruyere Cheese","Cheese, gruyere","Dairy","cheese"
"limburger-cheese","Limburger Cheese","Cheese, limburger","Dairy","cheese"
"muenster-cheese-dairy","Muenster Cheese","Cheese, muenster","Dairy","cheese"
"neufchatel-cheese","Neufchatel Cheese","Cheese, neufchatel","Dairy","cheese"
"ricotta-cheese-dairy","Ricotta Cheese","Cheese, ricotta, part skim milk","Dairy","cheese"
"romano-cheese","Romano Cheese","Cheese, romano","Dairy","cheese"
"roquefort-cheese","Roquefort Cheese","Cheese, roquefort","Dairy","cheese"
"pasteurized-process-cheese-food","Pasteurized Process Cheese Food","Cheese food, pasteurized process, American, vitamin D fortified","Dairy","cheese"
"pasteurized-process-cheese-food-dairy","Pasteurized Process Cheese Food","Cheese food, pasteurized process, swiss","Dairy","cheese"
"pasteurized-process-cheese-spread","Pasteurized Process Cheese Spread","Cheese spread, pasteurized process, American","Dairy","cheese"
"sour-cream-dairy","Sour Cream","Cream, sour, reduced fat, cultured","Dairy","cream"
"eggnog","Eggnog","Eggnog","Dairy",""
"non-butterfat-sour-dressing","Non-Butterfat Sour Dressing","Sour dressing, non-butterfat, cultured, filled cream-type","Dairy",""
"liquid-cream-substitute-dairy","Liquid Cream Substitute","Cream substitute, liquid, with hydrogenated vegetable oil and soy protein","Dairy","cream"
"powdered-cream-substitute-dairy","Powdered Cream Substitute","Cream substitute, powdered","Dairy","cream"
"fluid-milk-substitutes","Fluid Milk Substitutes","Milk substitutes, fluid, with lauric acid oil","Dairy","milk"
"producer-milk","Producer Milk","Milk, producer, fluid, 3.7% milkfat","Dairy","milk"
"nonfat-milk-dairy","Nonfat Milk","Milk, nonfat, fluid, with added nonfat milk solids, vitamin A and vitamin D (fat free or skim)","Dairy","milk"
"buttermilk-milk-dairy","Buttermilk Milk","Milk, buttermilk, dried","Dairy","milk"
"canned-milk-dairy","Canned Milk","Milk, canned, condensed, sweetened","Dairy","milk"
"chocolate-beverage-milk","Chocolate Beverage Milk","Milk, chocolate beverage, hot cocoa, homemade","Dairy","milk"
"goat-milk","Goat Milk","Milk, goat, fluid, with added vitamin D","Dairy","milk"
"human-milk","Human Milk","Milk, human, mature, fluid (For Reference Only)","Dairy","milk"
"indian-buffalo-milk","Indian Buffalo Milk","Milk, indian buffalo, fluid","Dairy","milk"
"acid-whey-dairy","Acid Whey","Whey, acid, dried","Dairy","whey"
"sweet-whey","Sweet Whey","Whey, sweet, fluid","Dairy","whey"
"sweet-whey-dairy","Sweet Whey","Whey, sweet, dried","Dairy","whey"
"fruit-yogurt-dairy","Fruit Yogurt","Yogurt, fruit, low fat, 10 grams protein per 8 ounce","Dairy","yogurt"
"mexican-blend-cheese","Mexican Blend Cheese","Cheese, Mexican blend","Dairy","cheese"
"pasteurized-process-cheese-product","Pasteurized Process Cheese Product","Cheese product, pasteurized process, American, vitamin D fortified","Dairy","cheese"
"lowfat-kefir-dairy","Lowfat Kefir","Kefir, lowfat, strawberry, LIFEWAY","Dairy","kefir"
"evaporated-milk","Evaporated Milk","Milk, evaporated, 2% fat, with added vitamin A and vitamin D","Dairy","milk"
"half-and-half-cream","Half and Half Cream","Cream, half and half, lowfat","Dairy","cream"
"clarified-butter-ghee-butter","Clarified Butter (Ghee) Butter","Butter, Clarified butter (ghee)","Dairy","butter"
"allspice","Allspice","Spices, allspice, ground","Spices & Herbs",""
"anise-seed","Anise Seed","Spices, anise seed","Spices & Herbs",""
"basil","Basil","Spices, basil, dried","Spices & Herbs",""
"chervil","Chervil","Spices, chervil, dried","Spices & Herbs",""
"chili-powder","Chili Powder","Spices, chili powder","Spices & Herbs",""
"cinnamon","Cinnamon","Spices, cinnamon, ground","Spices & Herbs",""
"cloves","Cloves","Spices, cloves, ground","Spices & Herbs",""
"dill-weed","Dill Weed","Spices, dill weed, dried","Spices & Herbs",""
"fennel-seed","Fennel Seed","Spices, fennel seed","Spices & Herbs",""
"fenugreek-seed","Fenugreek Seed","Spices, fenugreek seed","Spices & Herbs",""
"garlic-powder","Garlic Powder","Spices, garlic powder","Spices & Herbs",""
"nutmeg","Nutmeg","Spices, nutmeg, ground","Spices & Herbs",""
"onion-powder","Onion Powder","Spices, onion powder","Spices & Herbs",""
"oregano","Oregano","Spices, oregano, dried","Spices & Herbs",""
"paprika","Paprika","Spices, paprika","Spices & Herbs",""
"poppy-seed","Poppy Seed","Spices, poppy seed","Spices & Herbs",""
"poultry-seasoning","Poultry Seasoning","Spices, poultry seasoning","Spices & Herbs",""
"pumpkin-pie-spice","Pumpkin Pie Spice","Spices, pumpkin pie spice","Spices & Herbs",""
"rosemary","Rosemary","Spices, rosemary, dried","Spices & Herbs",""
"beef-tallow-oil","Beef Tallow Oil","Fat, beef tallow","Oils & Fats",""
"lard-oil","Lard Oil","Lard","Oils & Fats",""
"salad-dressing-thousand-island-oil","Salad Dressing Thousand Island Oil","Salad dressing, thousand island, commercial, regular","Oils & Fats",""
"salad-dressing-mayonnaise-type-oil","Salad Dressing Mayonnaise Type Oil","Salad dressing, mayonnaise type, regular, with salt","Oils & Fats",""
"olive-oil","Olive Oil","Oil, olive, salad or cooking","Oils & Fats",""
"margarine-spread-oil","Margarine Spread Oil","Margarine,spread, 35-39% fat, tub","Oils & Fats",""
"salad-dressing-french-oil","Salad Dressing French Oil","Salad dressing, french, home recipe","Oils & Fats",""
"salad-dressing-home-recipe-oil","Salad Dressing Home Recipe Oil","Salad dressing, home recipe, vinegar and oil","Oils & Fats",""
"salad-dressing-french-oil-oils-and-fats","Salad Dressing French Oil","Salad dressing, french, cottonseed, oil, home recipe","Oils & Fats",""
"cocoa-butter-oil","Cocoa Butter Oil","Oil, cocoa butter","Oils & Fats",""
"vegetable-oil-palm-kernel-oil","Vegetable Oil Palm Kernel Oil","Vegetable oil, palm kernel","Oils & Fats",""
"poppyseed-oil","Poppyseed Oil","Oil, poppyseed","Oils & Fats",""
"tomatoseed-oil","Tomatoseed Oil","Oil, tomatoseed","Oils & Fats",""
"teaseed-oil","Teaseed Oil","Oil, teaseed","Oils & Fats",""
"soybean-lecithin-oil","Soybean Lecithin Oil","Oil, soybean lecithin","Oils & Fats",""
"hazelnut-oil","Hazelnut Oil","Oil, hazelnut","Oils & Fats",""
"babassu-oil","Babassu Oil","Oil, babassu","Oils & Fats",""
"sheanut-oil","Sheanut Oil","Oil, sheanut","Oils & Fats",""
"pam-cooking-spray-original-oil","Pam Cooking Spray Original Oil","Oil, PAM cooking spray, original","Oils & Fats",""
"margarine-margarine-like-vegetable-oil-spread-oil","Margarine Margarine-Like Vegetable Oil Spread Oil","Margarine, margarine-like vegetable oil spread, 67-70% fat, tub","Oils & Fats",""
"margarine-80-fat-oil-oils-and-fats","Margarine 80% Fat Oil","Margarine, 80% fat, tub, CANOLA HARVEST Soft Spread (canola, palm and palm kernel oils)","Oils & Fats",""
"cooking-and-salad-enova-oil","Cooking and Salad Enova Oil","Oil, cooking and salad, ENOVA, 80% diglycerides","Oils & Fats",""
"industrial-soy-oil","Industrial Soy Oil","Oil, industrial, soy, low linolenic","Oils & Fats",""
"industrial-soy-oil-oils-and-fats","Industrial Soy Oil","Oil, industrial, soy, ultra low linolenic","Oils & Fats",""
"industrial-cottonseed-oil","Industrial Cottonseed Oil","Oil, industrial, cottonseed, fully hydrogenated","Oils & Fats",""
"flaxseed-contains-added-sliced-flaxseed-oil","Flaxseed Contains Added Sliced Flaxseed Oil","Oil, flaxseed, contains added sliced flaxseed","Oils & Fats",""
"mayonnaise-reduced-fat-oil","Mayonnaise Reduced Fat Oil","Mayonnaise, reduced fat, with olive oil","Oils & Fats",""
"salad-dressing-mayonnaise-type-oil-oils-and-fats","Salad Dressing Mayonnaise-Type Oil","Salad dressing, mayonnaise-type, light","Oils & Fats",""
"chicken-gizzard","Chicken Gizzard","Chicken, gizzard, all classes, raw","Protein","chicken"
"chicken-heart","Chicken Heart","Chicken, heart, all classes, raw","Protein","chicken"
"chicken-separable-fat","Chicken Separable Fat","Chicken, broilers or fryers, separable fat, raw","Protein","chicken"
"chicken-back-protein","Chicken Back","Chicken, broilers or fryers, back, meat and skin, raw","Protein","chicken"
"chicken-breast-protein","Chicken Breast","Chicken, broilers or fryers, breast, meat and skin, raw","Protein","chicken"
"turkey-all-classes-protein","Turkey All Classes","Turkey, all classes, heart, raw","Protein","turkey"
"turkey","Turkey","Turkey, dark meat, meat and skin, raw","Protein","turkey"
"turkey-roast-frozen","Turkey Roast Frozen","Turkey roast, boneless, frozen, seasoned, light and dark meat, raw","Protein","turkey"
"turkey-mechanically-deboned","Turkey Mechanically Deboned","Turkey, mechanically deboned, from turkey frames, raw","Protein","turkey"
"turkey-protein","Turkey","Turkey, Ground, raw","Protein","turkey"
"chicken-cornish-game-hens-protein","Chicken Cornish Game Hens","Chicken, cornish game hens, meat and skin, raw","Protein","chicken"
"chicken-patty-frozen","Chicken Patty Frozen","Chicken patty, frozen, uncooked","Protein","chicken"
"chicken-breast-tenders-breaded","Chicken Breast Tenders Breaded","Chicken breast tenders, breaded, uncooked","Protein","chicken"
"turkey-drumstick-protein","Turkey Drumstick","Turkey, drumstick, from whole bird, meat only, with added solution, raw","Protein","turkey"
"turkey-wing","Turkey Wing","Turkey, wing, from whole bird, meat only, with added solution, raw","Protein","turkey"
"turkey-thigh-protein","Turkey Thigh","Turkey, thigh, from whole bird, meat only, raw","Protein","turkey"
"beef-broth-or-bouillon-canned-ready-to-serve-soup","Beef Broth or Bouillon Canned Ready-To-Serve Soup","Soup, beef broth or bouillon canned, ready-to-serve","Condiments & Sauces",""
"chicken-broth-canned-soup","Chicken Broth Canned Soup","Soup, chicken broth, canned, condensed","Condiments & Sauces",""
"beef-broth-bouillon-and-consomme-canned-soup","Beef Broth Bouillon and Consomme Canned Soup","Soup, beef broth bouillon and consomme, canned, condensed","Condiments & Sauces",""
"beef-broth-or-bouillon-powder-soup","Beef Broth or Bouillon Powder Soup","Soup, beef broth or bouillon, powder, dry","Condiments & Sauces",""
"beef-broth-cubed-soup","Beef Broth Cubed Soup","Soup, beef broth, cubed, dry","Condiments & Sauces",""
"chicken-broth-or-bouillon-dry-soup","Chicken Broth or Bouillon Dry Soup","Soup, chicken broth or bouillon, dry","Condiments & Sauces",""
"chicken-broth-cubes-dry-soup","Chicken Broth Cubes Dry Soup","Soup, chicken broth cubes, dry","Condiments & Sauces",""
"beef-canned-gravy","Beef Canned Gravy","Gravy, beef, canned, ready-to-serve","Condiments & Sauces",""
"brown-dry-gravy","Brown Dry Gravy","Gravy, brown, dry","Condiments & Sauces",""
"chicken-canned-or-bottled-gravy","Chicken Canned or Bottled Gravy","Gravy, chicken, canned or bottled, ready-to-serve","Condiments & Sauces",""
"chicken-dry-gravy","Chicken Dry Gravy","Gravy, chicken, dry","Condiments & Sauces",""
"turkey-canned-gravy","Turkey Canned Gravy","Gravy, turkey, canned, ready-to-serve","Condiments & Sauces",""
"turkey-dry-gravy","Turkey Dry Gravy","Gravy, turkey, dry","Condiments & Sauces",""
"unspecified-type-dry-gravy","Unspecified Type Dry Gravy","Gravy, unspecified type, dry","Condiments & Sauces",""
"peanut-made-from-coconut-sauce","Peanut Made From Coconut Sauce","Sauce, peanut, made from coconut, water, sugar, peanuts","Condiments & Sauces",""
"pesto-ready-to-serve-sauce","Pesto Ready-To-Serve Sauce","Sauce, pesto, ready-to-serve, refrigerated","Condiments & Sauces",""
"pesto-ready-to-serve-sauce-condiments-and-sauces","Pesto Ready-To-Serve Sauce","Sauce, pesto, ready-to-serve, shelf stable","Condiments & Sauces",""
"pesto-buitoni-sauce","Pesto Buitoni Sauce","Sauce, pesto, BUITONI, pesto with basil, ready-to-serve, refrigerated","Condiments & Sauces",""
"pesto-classico-sauce","Pesto Classico Sauce","Sauce, pesto, CLASSICO, basil pesto, ready-to-serve","Condiments & Sauces",""
"vegetable-broth-ready-to-serve-soup","Vegetable Broth Ready To Serve Soup","Soup, vegetable broth, ready to serve","Condiments & Sauces",""
"cheese-sauce-mix-dry-sauce","Cheese Sauce Mix Dry Sauce","Sauce, cheese sauce mix, dry","Condiments & Sauces",""
"brown-instant-dry-gravy","Brown Instant Dry Gravy","Gravy, brown instant, dry","Condiments & Sauces",""
"instant-beef-dry-gravy","Instant Beef Dry Gravy","Gravy, instant beef, dry","Condiments & Sauces",""
"instant-turkey-dry-gravy","Instant Turkey Dry Gravy","Gravy, instant turkey, dry","Condiments & Sauces",""
"tomato-chili-sauce-bottled-sauce","Tomato Chili Sauce Bottled Sauce","Sauce, tomato chili sauce, bottled, with salt","Condiments & Sauces",""
"pasta-spaghettimarinara-sauce-condiments-and-sauces","Pasta Spaghetti/Marinara Sauce","Sauce, pasta, spaghetti/marinara, ready-to-serve, low sodium","Condiments & Sauces",""
"meat-or-poultry-low-sodium-gravy","Meat or Poultry Low Sodium Gravy","Gravy, meat or poultry, low sodium, prepared","Condiments & Sauces",""
"heinz-home-style-savory-beef-gravy","Heinz Home Style Savory Beef Gravy","Gravy, HEINZ Home Style, savory beef","Condiments & Sauces",""
"campbells-chicken-gravy","Campbell's Chicken Gravy","Gravy, CAMPBELL'S, chicken","Condiments & Sauces",""
"barbecue-loaf-pork","Barbecue Loaf Pork","Barbecue loaf, pork, beef","Protein","pork"
"alfredo-mix-dry-sauce","Alfredo Mix Dry Sauce","Sauce, alfredo mix, dry","Condiments & Sauces",""
"peppers-hot-sauce","Peppers Hot Sauce","Sauce, peppers, hot, chili, mature red, canned","Condiments & Sauces",""
"chili-peppers-sauce","Chili Peppers Sauce","Sauce, chili, peppers, hot, immature green, canned","Condiments & Sauces",""
"fish-broth","Fish Broth","Fish broth","Condiments & Sauces",""
"chicken-broth-low-sodium-soup","Chicken Broth Low Sodium Soup","Soup, chicken broth, low sodium, canned","Condiments & Sauces",""
"worcestershire-sauce","Worcestershire Sauce","Sauce, worcestershire","Condiments & Sauces",""
"bouillon-cubes-and-granules-low-sodium-soup","Bouillon Cubes and Granules Low Sodium Soup","Soup, bouillon cubes and granules, low sodium, dry","Condiments & Sauces",""
"beerwurst-beer-salami","Beerwurst Beer Salami","Beerwurst, beer salami, pork","Protein",""
"sausage-berliner","Sausage Berliner","Sausage, Berliner, pork, beef","Protein",""
"blood-sausage","Blood Sausage","Blood sausage","Protein",""
"bockwurst-pork","Bockwurst Pork","Bockwurst, pork, veal, raw","Protein","pork"
"braunschweiger-a-liver-sausage-pork","Braunschweiger (A Liver Sausage) Pork","Braunschweiger (a liver sausage), pork","Protein","pork"
"bratwurst-pork","Bratwurst Pork","Bratwurst, pork, beef, link","Protein","pork"
"cheesefurter-cheese-smokie","Cheesefurter Cheese Smokie","Cheesefurter, cheese smokie, pork, beef","Protein",""
"frankfurter-chicken","Frankfurter Chicken","Frankfurter, chicken","Protein","chicken"
"frankfurter-turkey","Frankfurter Turkey","Frankfurter, turkey","Protein","turkey"
"ham-chopped","Ham Chopped","Ham, chopped, canned","Protein","pork"
"ham-chopped-protein","Ham Chopped","Ham, chopped, not canned","Protein","pork"
"headcheese-pork","Headcheese Pork","Headcheese, pork","Protein","pork"
"sausage-italian","Sausage Italian","Sausage, Italian, pork, mild, raw","Protein",""
"pork-sausage-linkpatty","Pork Sausage Link/Patty","Pork sausage, link/patty, reduced fat, unprepared","Protein","pork"
"bologna-meat-and-poultry","Bologna Meat and Poultry","Bologna, meat and poultry","Protein",""
"meatballs-frozen","Meatballs Frozen","Meatballs, frozen, Italian style","Protein",""
"bacon-turkey","Bacon Turkey","Bacon, turkey, low sodium","Protein","pork"
"corn-grits-white-cereals","Corn Grits White Cereals","Cereals, corn grits, white, regular and quick, enriched, dry","Grains & Cereals",""
"quaker-corn-grits-cereals","Quaker Corn Grits Cereals","Cereals, QUAKER, corn grits, instant, plain, dry","Grains & Cereals",""
"farina-enriched-cereals","Farina Enriched Cereals","Cereals, farina, enriched, assorted brands including CREAM OF WHEAT, quick (1-3 minutes), dry","Grains & Cereals",""
"cream-of-wheat-instant-cereals","Cream of Wheat Instant Cereals","Cereals, CREAM OF WHEAT, instant, dry","Grains & Cereals",""
"oats-instant-cereals","Oats Instant Cereals","Cereals, oats, instant, fortified, plain, dry","Grains & Cereals",""
"quaker-instant-oatmeal-cereals","Quaker Instant Oatmeal Cereals","Cereals, QUAKER, Instant Oatmeal, apples and cinnamon, dry","Grains & Cereals",""
"oats-instant-cereals-grains-and-cereals","Oats Instant Cereals","Cereals, oats, instant, fortified, with cinnamon and spice, dry","Grains & Cereals",""
"wheatena-dry-cereals","Wheatena Dry Cereals","Cereals, WHEATENA, dry","Grains & Cereals",""
"whole-wheat-hot-natural-cereal-dry-cereals","Whole Wheat Hot Natural Cereal Dry Cereals","Cereals, whole wheat hot natural cereal, dry","Grains & Cereals",""
"corn-grits-yellow-cereals","Corn Grits Yellow Cereals","Cereals, corn grits, yellow, regular and quick, unenriched, dry","Grains & Cereals",""
"malt-o-meal-chocolate-cereals","Malt-O-Meal Chocolate Cereals","Cereals, MALT-O-MEAL, chocolate, dry","Grains & Cereals",""
"quaker-oatmeal-cereals","Quaker Oatmeal Cereals","Cereals, QUAKER, oatmeal, REAL MEDLEYS, blueberry hazelnut, dry","Grains & Cereals",""
"quaker-oatmeal-cereals-grains-and-cereals","Quaker Oatmeal Cereals","Cereals, QUAKER, oatmeal, REAL MEDLEYS, apple walnut, dry","Grains & Cereals",""
"acerola","Acerola","Acerola, (west indian cherry), raw","Produce",""
"acerola-juice","Acerola Juice","Acerola juice, raw","Produce",""
"with-skin-includes-foods-for-usdas-food-distribution-program-apples","With Skin (Includes Foods For Usda's Food Distribution Program) Apples","Apples, raw, with skin (Includes foods for USDA's Food Distribution Program)","Produce","apple"
"without-skin-apples","Without Skin Apples","Apples, raw, without skin","Produce","apple"
"dried-apples","Dried Apples","Apples, dried, sulfured, uncooked","Produce","apple"
"frozen-apples","Frozen Apples","Apples, frozen, unsweetened, unheated (Includes foods for USDA's Food Distribution Program)","Produce","apple"
"canned-applesauce-produce","Canned Applesauce","Applesauce, canned, unsweetened, without added ascorbic acid (Includes foods for USDA's Food Distribution Program)","Produce",""
"canned-apricots-produce","Canned Apricots","Apricots, canned, water pack, with skin, solids and liquids","Produce",""
"dehydrated-low-moisture-apricots","Dehydrated (Low-Moisture) Apricots","Apricots, dehydrated (low-moisture), sulfured, uncooked","Produce",""
"frozen-apricots","Frozen Apricots","Apricots, frozen, sweetened","Produce",""
"canned-apricot-nectar","Canned Apricot Nectar","Apricot nectar, canned, with added ascorbic acid","Produce",""
"avocados","Avocados","Avocados, raw, all commercial varieties","Produce",""
"california-avocados","California Avocados","Avocados, raw, California","Produce",""
"florida-avocados","Florida Avocados","Avocados, raw, Florida","Produce",""
"tart-cherries","Tart Cherries","Cherries, tart, dried, sweetened (Includes foods for USDA's Food Distribution Program)","Produce","cherry"
"canned-blackberries","Canned Blackberries","Blackberries, canned, heavy syrup, solids and liquids","Produce",""
"frozen-blackberries","Frozen Blackberries","Blackberries, frozen, unsweetened","Produce",""
"canned-boysenberries","Canned Boysenberries","Boysenberries, canned, heavy syrup","Produce",""
"frozen-boysenberries","Frozen Boysenberries","Boysenberries, frozen, unsweetened","Produce",""
"breadfruit","Breadfruit","Breadfruit, raw","Produce",""
"carambola","Carambola","Carambola, (starfruit), raw","Produce",""
"sour-cherries-produce","Sour Cherries","Cherries, sour, red, canned, heavy syrup pack, solids and liquids","Produce","cherry"
"crabapples","Crabapples","Crabapples, raw","Produce",""
"cranberries","Cranberries","Cranberries, raw","Produce",""
"dried-cranberries","Dried Cranberries","Cranberries, dried, sweetened (Includes foods for USDA's Food Distribution Program)","Produce",""
"zante-currants","Zante Currants","Currants, zante, dried","Produce",""
"custard-apple","Custard-Apple","Custard-apple, (bullock's-heart), raw","Produce",""
"deglet-noor-dates","Deglet Noor Dates","Dates, deglet noor","Produce",""
"elderberries","Elderberries","Elderberries, raw","Produce",""
"beef-australian","Beef Australian","Beef, Australian, imported, grass-fed,  external fat, raw","Protein","beef"
"beef-australian-protein","Beef Australian","Beef, Australian, imported, grass-fed, seam fat, raw","Protein","beef"
"beef-95-lean-meat-5-fat","Beef 95% Lean Meat / 5% Fat","Beef, ground, 95% lean meat / 5% fat, raw","Protein","beef"
"beef-85-lean-meat-15-fat","Beef 85% Lean Meat / 15% Fat","Beef, ground, 85% lean meat / 15% fat, raw (Includes foods for USDA's Food Distribution Program)","Protein","beef"
"duck-ready-to-serve-sauce","Duck Ready-To-Serve Sauce","Sauce, duck, ready-to-serve","Condiments & Sauces",""
"salsa-verde-sauce","Salsa Verde Sauce","Sauce, salsa, verde, ready-to-serve","Condiments & Sauces",""
"steak-tomato-based-sauce","Steak Tomato Based Sauce","Sauce, steak, tomato based","Condiments & Sauces",""
"tartar-ready-to-serve-sauce","Tartar Ready-To-Serve Sauce","Sauce, tartar, ready-to-serve","Condiments & Sauces",""
"barbecue-sweet-baby-rays-sauce","Barbecue Sweet Baby Ray's Sauce","Sauce, barbecue, SWEET BABY RAY'S, original","Condiments & Sauces",""
"barbecue-bulls-eye-sauce","Barbecue Bull's-Eye Sauce","Sauce, barbecue, BULL'S-EYE, original","Condiments & Sauces",""
"barbecue-kc-masterpiece-sauce","Barbecue Kc Masterpiece Sauce","Sauce, barbecue, KC MASTERPIECE, original","Condiments & Sauces",""
"barbecue-open-pit-sauce","Barbecue Open Pit Sauce","Sauce, barbecue, OPEN PIT, original","Condiments & Sauces",""
"bean-original-flavor-dip","Bean Original Flavor Dip","Dip, bean, original flavor","Condiments & Sauces",""
"horseradish-sauce","Horseradish Sauce","Sauce, horseradish","Condiments & Sauces",""
"fritos-bean-dip","Frito's Bean Dip","Dip, FRITO'S, bean, original flavor","Condiments & Sauces",""
"tonic-water-carbonated","Tonic Water Carbonated","Beverages, carbonated, tonic water","Beverages",""
"root-beer-carbonated","Root Beer Carbonated","Beverages, carbonated, root beer","Beverages",""
"wine-table-alcoholic-beverage","Wine Table Alcoholic Beverage","Alcoholic Beverage, wine, table, red, Gamay","Beverages",""
"prepared-with-1-milk-fortified-chocolate-malt-powder","Prepared with 1% Milk Fortified Chocolate Malt Powder","Beverages, chocolate malt powder, prepared with 1% milk, fortified","Beverages",""
"limeade-high-caffeine-carbonated","Limeade High Caffeine Carbonated","Beverages, carbonated, limeade, high caffeine","Beverages",""
"low-calorie-cola-or-pepper-types-carbonated","Low Calorie Cola or Pepper-Types Carbonated","Beverages, carbonated, low calorie, cola or pepper-types, with sodium saccharin, contains caffeine","Beverages",""
"fortified-with-vitamin-e-and-c-lemonade-fruit-juice-drink-light","Fortified with Vitamin E and C Lemonade Fruit Juice Drink Light","Beverages, Lemonade fruit juice drink light, fortified with vitamin E and C","Beverages",""
"powder-prepared-with-whole-milk-chocolate-flavor-beverage-mix","Powder Prepared with Whole Milk Chocolate-Flavor Beverage Mix","Beverages, chocolate-flavor beverage mix, powder, prepared with whole milk","Beverages",""
"brewed-breakfast-blend-coffee","Brewed Breakfast Blend Coffee","Beverages, coffee, brewed, breakfast blend","Beverages",""
"canned-clam-and-tomato-juice","Canned Clam and Tomato Juice","Beverages, Clam and tomato juice, canned","Beverages",""
"minute-maid-lemonade-the-coca-cola-company","Minute Maid Lemonade The Coca-Cola Company","Beverages, The COCA-COLA company, Minute Maid, Lemonade","Beverages",""
"no-sugar-added-powder-cocoa-mix","No Sugar Added Powder Cocoa Mix","Beverages, Cocoa mix, no sugar added, powder","Beverages",""
"nestle-rich-chocolate-hot-cocoa-mix-cocoa-mix","Nestle Rich Chocolate Hot Cocoa Mix Cocoa Mix","Cocoa mix, NESTLE, Rich Chocolate Hot Cocoa Mix","Beverages",""
"brewed-prepared-with-tap-water-coffee","Brewed Prepared with Tap Water Coffee","Beverages, coffee, brewed, prepared with tap water, decaffeinated","Beverages",""
"brewed-prepared-with-tap-water-coffee-beverages","Brewed Prepared with Tap Water Coffee","Beverages, coffee, brewed, prepared with tap water","Beverages",""
"brewed-espresso-coffee","Brewed Espresso Coffee","Beverages, coffee, brewed, espresso, restaurant-prepared","Beverages",""
"instant-powder-coffee","Instant Powder Coffee","Beverages, coffee, instant, regular, powder","Beverages",""
"instant-decaffeinated-coffee","Instant Decaffeinated Coffee","Beverages, coffee, instant, decaffeinated, prepared with water","Beverages",""
"cranberry-apple-juice-drink-bottled-ocean-spray","Cranberry-Apple Juice Drink Bottled Ocean Spray","Beverages, OCEAN SPRAY, Cranberry-Apple Juice Drink, bottled","Beverages",""
"diet-cranberry-juice-ocean-spray","Diet Cranberry Juice Ocean Spray","Beverages, OCEAN SPRAY, Diet Cranberry Juice","Beverages",""
"instant-with-chicory-coffee","Instant with Chicory Coffee","Beverages, coffee, instant, with chicory","Beverages",""
"coffee-instant-kraft","Coffee Instant Kraft","Beverages, KRAFT, coffee, instant, French Vanilla Cafe","Beverages",""
"cran-raspberry-juice-drink-ocean-spray","Cran Raspberry Juice Drink Ocean Spray","Beverages, OCEAN SPRAY, Cran Raspberry Juice Drink","Beverages",""
"cran-lemonade-ocean-spray","Cran Lemonade Ocean Spray","Beverages, OCEAN SPRAY, Cran Lemonade","Beverages",""
"diet-cran-cherry-ocean-spray","Diet Cran Cherry Ocean Spray","Beverages, OCEAN SPRAY, Diet Cran Cherry","Beverages",""
"bottled-cranberry-grape-juice-drink","Bottled Cranberry-Grape Juice Drink","Beverages, cranberry-grape juice drink, bottled","Beverages",""
"bottled-cranberry-juice-cocktail","Bottled Cranberry Juice Cocktail","Cranberry juice cocktail, bottled","Beverages",""
"bottled-low-calorie-cranberry-juice-cocktail","Bottled Low Calorie Cranberry Juice Cocktail","Cranberry juice cocktail, bottled, low calorie, with calcium, saccharin and corn sweetener","Beverages",""
"powder-prepared-with-whole-milk-eggnog-flavor-mix","Powder Prepared with Whole Milk Eggnog-Flavor Mix","Beverages, Eggnog-flavor mix, powder, prepared with whole milk","Beverages",""
"beer-higher-alcohol-alcoholic-beverages","Beer Higher Alcohol Alcoholic Beverages","Alcoholic beverages, beer, higher alcohol","Beverages",""
"malt-liquor-beverage","Malt Liquor Beverage","Beverages, Malt liquor beverage","Beverages",""
"wine-rose-alcoholic-beverages","Wine Rose Alcoholic Beverages","Alcoholic beverages, wine, rose","Beverages",""
"cran-pomegranate-ocean-spray","Cran Pomegranate Ocean Spray","Beverages, OCEAN SPRAY, Cran Pomegranate","Beverages",""
"green-brewed-tea","Green Brewed Tea","Beverages, tea, green, brewed, decaffeinated","Beverages",""
"frozen-concentrate-citrus-fruit-juice-drink","Frozen Concentrate Citrus Fruit Juice Drink","Beverages, citrus fruit juice drink, frozen concentrate","Beverages",""
"frozen-concentrate-prepared-with-water-citrus-fruit-juice-drink","Frozen Concentrate Prepared with Water Citrus Fruit Juice Drink","Beverages, citrus fruit juice drink, frozen concentrate, prepared with water","Beverages",""
"without-added-nutrients-canned-fruit-punch-drink","Without Added Nutrients Canned Fruit Punch Drink","Beverages, fruit punch drink, without added nutrients, canned","Beverages",""
"canned-grape-drink","Canned Grape Drink","Beverages, grape drink, canned","Beverages",""
"green-brewed-tea-beverages","Green Brewed Tea","Beverages, tea, green, brewed, regular","Beverages",""
"instant-lemon-tea","Instant Lemon Tea","Beverages, tea, instant, lemon, with added ascorbic acid","Beverages",""
"distilled-all-gin-alcoholic-beverage","Distilled All (Gin Alcoholic Beverage","Alcoholic beverage, distilled, all (gin, rum, vodka, whiskey) 86 proof","Beverages",""
"distilled-all-gin-alcoholic-beverage-beverages","Distilled All (Gin Alcoholic Beverage","Alcoholic beverage, distilled, all (gin, rum, vodka, whiskey) 90 proof","Beverages",""
"chocolate-flavored-soda-carbonated-beverage","Chocolate-Flavored Soda Carbonated Beverage","Carbonated beverage, chocolate-flavored soda","Beverages",""
"bottled-non-carbonated-water","Bottled Non-Carbonated Water","Beverages, water, bottled, non-carbonated, EVIAN","Beverages",""
"calorie-free-assorted-flavors-powerade-zero-ion4","Calorie-Free Assorted Flavors Powerade Zero Ion4","Beverages, Powerade Zero Ion4, calorie-free, assorted flavors","Beverages",""
"wine-table-alcoholic-beverage-beverages","Wine Table Alcoholic Beverage","Alcoholic Beverage, wine, table, red, Merlot","Beverages",""
"non-carbonated-bottles-water","Non-Carbonated Bottles Water","Water, non-carbonated, bottles, natural fruit flavors, sweetened with low calorie sweetener","Beverages",""
"diet-tropical-blend-v8-splash-juice-drinks","Diet Tropical Blend V8 Splash Juice Drinks","Beverages, V8 SPLASH Juice Drinks, Diet Tropical Blend","Beverages",""
"berry-blend-v8-splash-juice-drinks","Berry Blend V8 Splash Juice Drinks","Beverages, V8 SPLASH Juice Drinks, Berry Blend","Beverages",""
"fruit-medley-v8-splash-juice-drinks","Fruit Medley V8 Splash Juice Drinks","Beverages, V8 SPLASH Juice Drinks, Fruit Medley","Beverages",""
"guava-passion-fruit-v8-splash-juice-drinks","Guava Passion Fruit V8 Splash Juice Drinks","Beverages, V8 SPLASH Juice Drinks, Guava Passion Fruit","Beverages",""
"strawberry-kiwi-v8-splash-juice-drinks","Strawberry Kiwi V8 Splash Juice Drinks","Beverages, V8 SPLASH Juice Drinks, Strawberry Kiwi","Beverages",""
"tropical-blend-v8-splash-juice-drinks","Tropical Blend V8 Splash Juice Drinks","Beverages, V8 SPLASH Juice Drinks, Tropical Blend","Beverages",""
"peach-mango-v8-v-fusion-juices","Peach Mango V8 V-Fusion Juices","Beverages, V8 V-FUSION Juices, Peach Mango","Beverages",""
"strawberry-banana-v8-v-fusion-juices","Strawberry Banana V8 V-Fusion Juices","Beverages, V8 V-FUSION Juices, Strawberry Banana","Beverages",""
"canned-peanut-flavor-meal-supplement-drink","Canned Peanut Flavor Meal Supplement Drink","Beverages, Meal supplement drink, canned, peanut flavor","Beverages",""
"with-corn-syrup-andor-sugar-and-low-calorie-sweetener-fruit-flavored-water","With Corn Syrup And/Or Sugar and Low Calorie Sweetener Fruit Flavored Water","Water, with corn syrup and/or sugar and low calorie sweetener, fruit flavored","Beverages",""
"as-served-in-restaurant-horchata","As Served in Restaurant Horchata","Beverages, Horchata, as served in restaurant","Beverages",""
"unsweetened-rice-milk","Unsweetened Rice Milk","Beverages, rice milk, unsweetened","Beverages",""
"reduced-sugar-greater-than-3-fruit-juice-fruit-flavored-drink","Reduced Sugar Greater Than 3% Fruit Juice Fruit Flavored Drink","Beverages, Fruit flavored drink, reduced sugar, greater than 3% fruit juice, high vitamin C, added calcium","Beverages",""
"greater-than-3-fruit-juice-high-vitamin-c-and-added-thiamin-fruit-juice-drink","Greater Than 3% Fruit Juice High Vitamin C and Added Thiamin Fruit Juice Drink","Beverages, fruit juice drink, greater than 3% fruit juice, high vitamin C and added thiamin","Beverages",""
"hibiscus-brewed-tea","Hibiscus Brewed Tea","Beverages, tea, hibiscus, brewed","Beverages",""
"greater-than-3-juice-high-vitamin-c-fruit-juice-drink","Greater Than 3% Juice High Vitamin C Fruit Juice Drink","Beverages, fruit juice drink, greater than 3% juice, high vitamin C","Beverages",""
"fish-bass","Fish Bass","Fish, bass, striped, raw","Protein","bass"
"fish-bluefish","Fish Bluefish","Fish, bluefish, raw","Protein",""
"fish-burbot","Fish Burbot","Fish, burbot, raw","Protein",""
"fish-butterfish","Fish Butterfish","Fish, butterfish, raw","Protein",""
"fish-carp","Fish Carp","Fish, carp, raw","Protein",""
"fish-cisco","Fish Cisco","Fish, cisco, raw","Protein",""
"fish-cod-protein","Fish Cod","Fish, cod, Atlantic, raw","Protein","cod"
"fish-cusk","Fish Cusk","Fish, cusk, raw","Protein",""
"fish-mahimahi","Fish Mahimahi","Fish, mahimahi, raw","Protein",""
"fish-drum","Fish Drum","Fish, drum, freshwater, raw","Protein",""
"fish-gefiltefish","Fish Gefiltefish","Fish, gefiltefish, commercial, sweet recipe","Protein",""
"fish-grouper","Fish Grouper","Fish, grouper, mixed species, raw","Protein",""
"fish-halibut","Fish Halibut","Fish, halibut, Greenland, raw","Protein","halibut"
"crustaceans-crab-protein","Crustaceans Crab","Crustaceans, crab, blue, canned","Protein","crab"
"crustaceans-shrimp-protein","Crustaceans Shrimp","Crustaceans, shrimp, mixed species, canned","Protein","shrimp"
"mollusks-clam","Mollusks Clam","Mollusks, clam, mixed species, canned, drained solids","Protein","clam"
"mollusks-clam-protein","Mollusks Clam","Mollusks, clam, mixed species, canned, liquid","Protein","clam"
"mollusks-oyster","Mollusks Oyster","Mollusks, oyster, eastern, wild, raw","Protein","oyster"
"mollusks-oyster-protein","Mollusks Oyster","Mollusks, oyster, eastern, canned","Protein","oyster"
"mollusks-whelk","Mollusks Whelk","Mollusks, whelk, unspecified, raw","Protein",""
"fish-tuna-protein","Fish Tuna","Fish, tuna, light, canned in water, without salt, drained solids","Protein","tuna"
"beerwurst-beer-salami-protein","Beerwurst Beer Salami","Beerwurst, beer salami, pork and beef","Protein",""
"bologna-beef-protein","Bologna Beef","Bologna, beef","Protein","beef"
"bologna-beef-and-pork-protein","Bologna Beef and Pork","Bologna, beef and pork","Protein","beef"
"degermed-unenriched-cornmeal-grains-and-cereals","Degermed Unenriched Cornmeal","Cornmeal, degermed, unenriched, white","Grains & Cereals",""
"white-industrial-9-protein-wheat-flour","White (Industrial) 9% Protein Wheat Flour","Wheat flour, white (industrial), 9% protein, bleached, enriched","Grains & Cereals",""
"white-industrial-9-protein-wheat-flour-grains-and-cereals","White (Industrial) 9% Protein Wheat Flour","Wheat flour, white (industrial), 9% protein, bleached, unenriched","Grains & Cereals",""
"white-industrial-10-protein-wheat-flour-grains-and-cereals","White (Industrial) 10% Protein Wheat Flour","Wheat flour, white (industrial), 10% protein, bleached, enriched","Grains & Cereals",""
"white-industrial-13-protein-wheat-flour-grains-and-cereals","White (Industrial) 13% Protein Wheat Flour","Wheat flour, white (industrial), 13% protein, bleached, unenriched","Grains & Cereals",""
"white-industrial-15-protein-wheat-flour","White (Industrial) 15% Protein Wheat Flour","Wheat flour, white (industrial), 15% protein, bleached, enriched","Grains & Cereals",""
"white-industrial-15-protein-wheat-flour-grains-and-cereals","White (Industrial) 15% Protein Wheat Flour","Wheat flour, white (industrial), 15% protein, bleached, unenriched","Grains & Cereals",""
"millet-flour","Millet Flour","Millet flour","Grains & Cereals",""
"whole-grain-51-whole-wheat-pasta-pasta-and-noodles","Whole Grain 51% Whole Wheat Pasta","Pasta, whole grain, 51% whole wheat, remaining enriched semolina, dry (Includes foods for USDA's Food Distribution Program)","Pasta & Noodles",""
"beef-plate-steak","Beef Plate Steak","Beef, plate steak, boneless, inside skirt, separable lean only, trimmed to 0"" fat, choice, raw","Protein","beef"
"beef-plate-steak-protein","Beef Plate Steak","Beef, plate steak, boneless, inside skirt, separable lean only, trimmed to 0"" fat, select, raw","Protein","beef"
"beef-rib-eye-steak","Beef Rib Eye Steak","Beef, rib eye steak, boneless, lip off, separable lean only, trimmed to 0"" fat, all grades, raw","Protein","beef"
"blue-cheese","Blue Cheese","Cheese, blue","Dairy","cheese"
"brick-cheese","Brick Cheese","Cheese, brick","Dairy","cheese"
"brie-cheese","Brie Cheese","Cheese, brie","Dairy","cheese"
"camembert-cheese","Camembert Cheese","Cheese, camembert","Dairy","cheese"
"duck-egg","Duck Egg","Egg, duck, whole, fresh, raw","Protein","duck"
"goose-egg","Goose Egg","Egg, goose, whole, fresh, raw","Protein",""
"quail-egg","Quail Egg","Egg, quail, whole, fresh, raw","Protein",""
"turkey-egg","Turkey Egg","Egg, turkey, whole, fresh, raw","Protein","turkey"
"goat-cheese","Goat Cheese","Cheese, goat, hard type","Dairy","cheese"
"mozzarella-cheese-substitute","Mozzarella Cheese Substitute","Cheese substitute, mozzarella","Dairy","cheese"
"mexican-cheese-dairy","Mexican Cheese","Cheese, mexican, queso anejo","Dairy","cheese"
"fat-free-parmesan-cheese-topping","Fat Free Parmesan Cheese Topping","Parmesan cheese topping, fat free","Dairy","cheese"
"cream-cheese-dairy","Cream Cheese","Cheese, cream, fat free","Dairy","cream"
"chocolate-yogurt","Chocolate Yogurt","Yogurt, chocolate, nonfat milk","Dairy","yogurt"
"kraft-cheez-whiz-pasteurized-process-cheese-sauce","Kraft Cheez Whiz Pasteurized Process Cheese Sauce","KRAFT CHEEZ WHIZ Pasteurized Process Cheese Sauce","Dairy","cheese"
"kraft-breakstones-reduced-fat-sour-cream","Kraft Breakstone's Reduced Fat Sour Cream","KRAFT BREAKSTONE'S Reduced Fat Sour Cream","Dairy","cream"
"kraft-breakstones-free-fat-free-sour-cream","Kraft Breakstone's Free Fat Free Sour Cream","KRAFT BREAKSTONE'S FREE Fat Free Sour Cream","Dairy","cream"
"half-and-half-cream-dairy","Half and Half Cream","Cream, half and half, fat free","Dairy","cream"
"reddi-wip-fat-free-whipped-topping","Reddi Wip Fat Free Whipped Topping","Reddi Wip Fat Free Whipped Topping","Dairy",""
"flavored-cream-substitute","Flavored Cream Substitute","Cream substitute, flavored, powdered","Dairy","cream"
"whole-milk-dairy","Whole Milk","Milk, whole, 3.25% milkfat, without added vitamin A and vitamin D","Dairy","milk"
"vanilla-or-lemon-flavor-yogurt","Vanilla or Lemon Flavor Yogurt","Yogurt, vanilla or lemon flavor, nonfat milk, sweetened with low-calorie sweetener, fortified with vitamin D","Dairy","yogurt"
"chocolate-yogurt-dairy","Chocolate Yogurt","Yogurt, chocolate, nonfat milk, fortified with vitamin D","Dairy","yogurt"
"fresh-cheese","Fresh Cheese","Cheese, fresh, queso fresco","Dairy","cheese"
"white-cheese","White Cheese","Cheese, white, queso blanco","Dairy","cheese"
"turmeric","Turmeric","Spices, turmeric, ground","Spices & Herbs",""
"basil-spices-and-herbs","Basil","Basil, fresh","Spices & Herbs",""
"dill-weed-spices-and-herbs","Dill Weed","Dill weed, fresh","Spices & Herbs",""
"vanilla-extract","Vanilla Extract","Vanilla extract, imitation, alcohol","Spices & Herbs",""
"vanilla-extract-spices-and-herbs","Vanilla Extract","Vanilla extract, imitation, no alcohol","Spices & Herbs",""
"vinegar","Vinegar","Vinegar, distilled","Spices & Herbs",""
"capers","Capers","Capers, canned","Spices & Herbs",""
"spearmint","Spearmint","Spearmint, dried","Spices & Herbs",""
"vinegar-spices-and-herbs","Vinegar","Vinegar, red wine","Spices & Herbs",""
"seasoning-mix","Seasoning Mix","Seasoning mix, dry, sazon, coriander & annatto","Spices & Herbs",""
"household-lard-and-vegetable-oil","Household Lard and Vegetable Oil","Shortening, household, lard and vegetable oil","Oils & Fats",""
"sunflower-linoleic-oil-oils-and-fats","Sunflower Linoleic Oil","Oil, sunflower, linoleic, (partially hydrogenated)","Oils & Fats",""
"shortening-bread-soybean-hydrogenated-and-cottonseed-oil","Shortening Bread Soybean (Hydrogenated) and Cottonseed Oil","Shortening bread, soybean (hydrogenated) and cottonseed","Oils & Fats",""
"shortening-cake-mix-soybean-hydrogenated-and-cottonseed-hydrogenated-oil","Shortening Cake Mix Soybean (Hydrogenated) and Cottonseed (Hydrogenated) Oil","Shortening cake mix, soybean (hydrogenated) and cottonseed (hydrogenated)","Oils & Fats",""
"shortening-frying-heavy-duty-palm-hydrogenated-oil","Shortening Frying (Heavy Duty) Palm (Hydrogenated) Oil","Shortening frying (heavy duty), palm (hydrogenated)","Oils & Fats",""
"shortening-household-soybean-hydrogenated-and-palm-oil","Shortening Household Soybean (Hydrogenated) and Palm Oil","Shortening household soybean (hydrogenated) and palm","Oils & Fats",""
"shortening-frying-heavy-duty-soybean-hydrogenated-oil","Shortening Frying (Heavy Duty) Soybean (Hydrogenated) Oil","Shortening frying (heavy duty), soybean (hydrogenated), linoleic (less than 1%)","Oils & Fats",""
"confectionery-fractionated-palm-oil","Confectionery Fractionated Palm Oil","Shortening, confectionery, fractionated palm","Oils & Fats",""
"nutmeg-butter-oil","Nutmeg Butter Oil","Oil, nutmeg butter","Oils & Fats",""
"mustard-oil","Mustard Oil","Oil, mustard","Oils & Fats",""
"sunflower-high-oleic-70-and-over-oil","Sunflower High Oleic (70% and Over) Oil","Oil, sunflower, high oleic (70% and over)","Oils & Fats",""
"margarine-like-margarine-butter-blend-oil","Margarine-Like Margarine-Butter Blend Oil","Margarine-like, margarine-butter blend, soybean oil and butter","Oils & Fats",""
"fish-oil-herring-oil","Fish Oil Herring Oil","Fish oil, herring","Oils & Fats",""
"fish-oil-menhaden-oil","Fish Oil Menhaden Oil","Fish oil, menhaden","Oils & Fats",""
"fish-oil-menhaden-oil-oils-and-fats","Fish Oil Menhaden Oil","Fish oil, menhaden, fully hydrogenated","Oils & Fats",""
"fish-oil-salmon-oil","Fish Oil Salmon Oil","Fish oil, salmon","Oils & Fats",""
"butter-light-oil","Butter Light Oil","Butter, light, stick, without salt","Oils & Fats",""
"animal-fat-bacon-grease-oil","Animal Fat Bacon Grease Oil","Animal fat, bacon grease","Oils & Fats",""
"margarine-like-spread-with-yogurt-70-fat-oil","Margarine-Like Spread with Yogurt 70% Fat Oil","Margarine-like spread with yogurt, 70% fat, stick, with salt","Oils & Fats",""
"salad-dressing-thousand-island-dressing-oil-oils-and-fats","Salad Dressing Thousand Island Dressing Oil","Salad dressing, thousand island dressing, fat-free","Oils & Fats",""
"industrial-mid-oleic-oil","Industrial Mid-Oleic Oil","Oil, industrial, mid-oleic, sunflower","Oils & Fats",""
"industrial-canola-with-antifoaming-agent-oil","Industrial Canola with Antifoaming Agent Oil","Oil, industrial, canola with antifoaming agent, principal uses salads, woks and light frying","Oils & Fats",""
"industrial-canola-for-salads-oil","Industrial Canola For Salads Oil","Oil, industrial, canola for salads, woks and light frying","Oils & Fats",""
"industrial-canola-partially-hydrogenated-oil-for-deep-fat-frying-oil","Industrial Canola (Partially Hydrogenated) Oil For Deep Fat Frying Oil","Oil, industrial, canola (partially hydrogenated) oil for deep fat frying","Oils & Fats",""
"industrial-soy-partially-hydrogenated-oil","Industrial Soy (Partially Hydrogenated) Oil","Oil, industrial, soy (partially hydrogenated), multiuse for non-dairy butter flavor","Oils & Fats",""
"industrial-soy-partially-hydrogenated-oil-oils-and-fats","Industrial Soy ( Partially Hydrogenated) Oil","Oil, industrial, soy ( partially hydrogenated), all purpose","Oils & Fats",""
"industrial-soy-partially-hydrogenated-and-soy-winterized-oil","Industrial Soy (Partially Hydrogenated ) and Soy (Winterized) Oil","Oil, industrial, soy (partially hydrogenated ) and soy (winterized), pourable clear fry","Oils & Fats",""
"industrial-soy-partially-hydrogenated-and-cottonseed-oil","Industrial Soy (Partially Hydrogenated) and Cottonseed Oil","Oil, industrial, soy (partially hydrogenated)  and cottonseed, principal use as a tortilla shortening","Oils & Fats",""
"industrial-palm-kernel-hydrogenated-oil","Industrial Palm Kernel (Hydrogenated) Oil","Oil, industrial, palm kernel (hydrogenated) , used for whipped toppings, non-dairy","Oils & Fats",""
"industrial-coconut-hydrogenated-oil","Industrial Coconut (Hydrogenated) Oil","Oil, industrial, coconut (hydrogenated), used for whipped toppings and coffee whiteners","Oils & Fats",""
"industrial-palm-and-palm-kernel-oil","Industrial Palm and Palm Kernel Oil","Oil, industrial, palm and palm kernel, filling fat (non-hydrogenated)","Oils & Fats",""
"margarine-industrial-oil","Margarine Industrial Oil","Margarine, industrial, soy and partially hydrogenated soy oil, use for baking, sauces and candy","Oils & Fats",""
"vegetable-soybean-oil","Vegetable Soybean Oil","Oil, vegetable, soybean, refined","Oils & Fats",""
"margarine-like-spread-smart-balance-regular-buttery-spread-with-flax-oil","Margarine-Like Spread Smart Balance Regular Buttery Spread with Flax Oil","Margarine-like spread, SMART BALANCE Regular Buttery Spread with flax oil","Oils & Fats",""
"margarine-like-spread-smart-balance-light-buttery-spread-oil","Margarine-Like Spread Smart Balance Light Buttery Spread Oil","Margarine-like spread, SMART BALANCE Light Buttery Spread","Oils & Fats",""
"chicken-drumstick","Chicken Drumstick","Chicken, broilers or fryers, drumstick, meat and skin, raw","Protein","chicken"
"chicken-leg","Chicken Leg","Chicken, broilers or fryers, leg, meat and skin, raw","Protein","chicken"
"chicken-neck","Chicken Neck","Chicken, broilers or fryers, neck, meat and skin, raw","Protein","chicken"
"chicken-thigh-protein","Chicken Thigh","Chicken, broilers or fryers, thigh, meat and skin, raw","Protein","chicken"
"chicken-meat-and-skin-and-giblets-and-neck-protein","Chicken Meat and Skin and Giblets and Neck","Chicken, roasting, meat and skin and giblets and neck, raw","Protein","chicken"
"chicken-giblets-protein","Chicken Giblets","Chicken, roasting, giblets, raw","Protein","chicken"
"chicken-capons","Chicken Capons","Chicken, capons, meat and skin and giblets and neck, raw","Protein","chicken"
"duck-domesticated","Duck Domesticated","Duck, domesticated, meat and skin, raw","Protein","duck"
"duck-domesticated-protein","Duck Domesticated","Duck, domesticated, meat only, raw","Protein","duck"
"goose-domesticated","Goose Domesticated","Goose, domesticated, meat only, raw","Protein",""
"goose-liver","Goose Liver","Goose, liver, raw","Protein",""
"guinea-hen","Guinea Hen","Guinea hen, meat and skin, raw","Protein",""
"pheasant-leg","Pheasant Leg","Pheasant, leg, meat only, raw","Protein",""
"quail","Quail","Quail, meat and skin, raw","Protein",""
"quail-protein","Quail","Quail, meat only, raw","Protein",""
"lentils","Lentils","Lentils, raw","Produce","lentil"
"lupins","Lupins","Lupins, mature seeds, raw","Produce",""
"mothbeans","Mothbeans","Mothbeans, mature seeds, raw","Produce",""
"green-split-peas","Green Split Peas","Peas, green, split, mature seeds, raw","Produce","pea"
"spanish-oil-roasted-peanuts","Spanish Oil-Roasted Peanuts","Peanuts, spanish, oil-roasted, with salt","Produce",""
"valencia-peanuts","Valencia Peanuts","Peanuts, valencia, raw","Produce",""
"valencia-oil-roasted-peanuts","Valencia Oil-Roasted Peanuts","Peanuts, valencia, oil-roasted, with salt","Produce",""
"virginia-peanuts","Virginia Peanuts","Peanuts, virginia, raw","Produce",""
"low-fat-peanut-flour","Low Fat Peanut Flour","Peanut flour, low fat","Produce",""
"pigeon-peas-red-gram","Pigeon Peas (Red Gram)","Pigeon peas (red gram), mature seeds, raw","Produce","pea"
"canned-traditional-style-refried-beans","Canned Traditional Style Refried Beans","Refried beans, canned, traditional style","Produce","bean"
"meatless-bacon","Meatless Bacon","Bacon, meatless","Produce",""
"roasted-salted-soybeans","Roasted Salted Soybeans","Soybeans, mature seeds, roasted, salted","Produce",""
"dry-roasted-soybeans","Dry Roasted Soybeans","Soybeans, mature seeds, dry roasted","Produce",""
"miso","Miso","Miso","Produce",""
"natto","Natto","Natto","Produce",""
"low-fat-soy-flour","Low-Fat Soy Flour","Soy flour, low-fat","Produce",""
"defatted-soy-meal","Defatted Soy Meal","Soy meal, defatted, raw","Produce",""
"original-and-vanilla-unfortified-soymilk","Original and Vanilla Unfortified Soymilk","Soymilk, original and vanilla, unfortified","Produce",""
"produced-by-alcohol-extraction-soy-protein-concentrate","Produced By Alcohol Extraction Soy Protein Concentrate","Soy protein concentrate, produced by alcohol extraction","Produce",""
"firm-prepared-with-calcium-sulfate-and-magnesium-chloride-nigari-tofu","Firm Prepared with Calcium Sulfate and Magnesium Chloride (Nigari) Tofu","Tofu, firm, prepared with calcium sulfate and magnesium chloride (nigari)","Produce",""
"soft-prepared-with-calcium-sulfate-and-magnesium-chloride-nigari-tofu","Soft Prepared with Calcium Sulfate and Magnesium Chloride (Nigari) Tofu","Tofu, soft, prepared with calcium sulfate and magnesium chloride (nigari)","Produce",""
"dried-frozen-koyadofu-tofu","Dried-Frozen (Koyadofu) Tofu","Tofu, dried-frozen (koyadofu)","Produce",""
"okara","Okara","Okara","Produce",""
"original-and-vanilla-with-added-calcium-soymilk","Original and Vanilla with Added Calcium Soymilk","Soymilk, original and vanilla, with added calcium, vitamins A and D","Produce",""
"reduced-sugar-peanut-spread","Reduced Sugar Peanut Spread","Peanut spread, reduced sugar","Produce",""
"smooth-reduced-fat-peanut-butter","Smooth Reduced Fat Peanut Butter","Peanut butter, smooth, reduced fat","Produce",""
"smooth-vitamin-and-mineral-fortified-peanut-butter","Smooth Vitamin and Mineral Fortified Peanut Butter","Peanut butter, smooth, vitamin and mineral fortified","Produce",""
"chunky-vitamin-and-mineral-fortified-peanut-butter","Chunky Vitamin and Mineral Fortified Peanut Butter","Peanut butter, chunky, vitamin and mineral fortified","Produce",""
"tofu-silken-mori-nu","Tofu Silken Mori-Nu","MORI-NU, Tofu, silken, firm","Produce",""
"tofu-silken-mori-nu-produce","Tofu Silken Mori-Nu","MORI-NU, Tofu, silken, extra firm","Produce",""
"canned-fat-free-refried-beans","Canned Fat-Free Refried Beans","Refried beans, canned, fat-free","Produce","bean"
"red-canned-frijoles-rojos-volteados-refried-beans","Red Canned) Frijoles Rojos Volteados (Refried Beans","Frijoles rojos volteados (Refried beans, red, canned)","Produce","bean"
"nasoya-lite-firm-tofu-vitasoy-usa","Nasoya Lite Firm Tofu Vitasoy Usa","Vitasoy USA, Nasoya Lite Firm Tofu","Produce",""
"chunk-style-without-salt-peanut-butter","Chunk Style Without Salt Peanut Butter","Peanut butter, chunk style, without salt","Produce",""
"smooth-style-without-salt-peanut-butter","Smooth Style Without Salt Peanut Butter","Peanut butter, smooth style, without salt","Produce",""
"creamy-peanut-butter-with-omega-3","Creamy Peanut Butter with Omega-3","Peanut butter with omega-3, creamy","Produce",""
"low-sodium-soy-sauce-made-from-soy-and-wheat-shoyu","Low Sodium Soy Sauce Made From Soy and Wheat (Shoyu)","Soy sauce made from soy and wheat (shoyu), low sodium","Produce",""
"reduced-sodium-made-from-hydrolyzed-vegetable-protein-soy-sauce","Reduced Sodium Made From Hydrolyzed Vegetable Protein Soy Sauce","Soy sauce, reduced sodium, made from hydrolyzed vegetable protein","Produce",""
"firm-prepared-with-calcium-sulfate-tofu","Firm Prepared with Calcium Sulfate Tofu","Tofu, raw, firm, prepared with calcium sulfate","Produce",""
"prepared-with-calcium-sulfate-tofu","Prepared with Calcium Sulfate Tofu","Tofu, raw, regular, prepared with calcium sulfate","Produce",""
"veal-australian","Veal Australian","Veal, Australian, rib, rib roast, separable lean only, raw","Protein","veal"
"lamb-composite-of-trimmed-retail-cuts","Lamb Composite of Trimmed Retail Cuts","Lamb, composite of trimmed retail cuts, separable lean and fat, trimmed to 1/4"" fat, choice, raw","Protein","lamb"
"lamb-foreshank","Lamb Foreshank","Lamb, foreshank, separable lean and fat, trimmed to 1/4"" fat, choice, raw","Protein","lamb"
"lamb-foreshank-protein","Lamb Foreshank","Lamb, foreshank, separable lean only, trimmed to 1/4"" fat, choice, raw","Protein","lamb"
"lamb-leg","Lamb Leg","Lamb, leg, shank half, separable lean only, trimmed to 1/4"" fat, choice, raw","Protein","lamb"
"lamb-leg-protein","Lamb Leg","Lamb, leg, sirloin half, separable lean and fat, trimmed to 1/4"" fat, choice, raw","Protein","lamb"
"lamb-loin","Lamb Loin","Lamb, loin, separable lean only, trimmed to 1/4"" fat, choice, raw","Protein","lamb"
"lamb-rib","Lamb Rib","Lamb, rib, separable lean only, trimmed to 1/4"" fat, choice, raw","Protein","lamb"
"lamb-shoulder","Lamb Shoulder","Lamb, shoulder, whole (arm and blade), separable lean and fat, trimmed to 1/4"" fat, choice, raw","Protein","lamb"
"lamb-shoulder-protein","Lamb Shoulder","Lamb, shoulder, arm, separable lean and fat, trimmed to 1/4"" fat, choice, raw","Protein","lamb"
"lamb-new-zealand","Lamb New Zealand","Lamb, New Zealand, imported, frozen, composite of trimmed retail cuts, separable fat, raw","Protein","lamb"
"lamb-new-zealand-protein","Lamb New Zealand","Lamb, New Zealand, imported, fore-shank, separable lean and fat, raw","Protein","lamb"
"game-meat-muskrat","Game Meat Muskrat","Game meat, muskrat, raw","Protein",""
"game-meat-rabbit","Game Meat Rabbit","Game meat, rabbit, domesticated, composite of cuts, raw","Protein",""
"game-meat-squirrel","Game Meat Squirrel","Game meat, squirrel, raw","Protein",""
"lamb-variety-meats-and-by-products","Lamb Variety Meats and By-Products","Lamb, variety meats and by-products, brain, raw","Protein","lamb"
"lamb-variety-meats-and-by-products-protein","Lamb Variety Meats and By-Products","Lamb, variety meats and by-products, heart, raw","Protein","lamb"
"veal-variety-meats-and-by-products","Veal Variety Meats and By-Products","Veal, variety meats and by-products, heart, raw","Protein","veal"
"veal-variety-meats-and-by-products-protein","Veal Variety Meats and By-Products","Veal, variety meats and by-products, liver, raw","Protein","veal"
"lamb-composite-of-trimmed-retail-cuts-protein","Lamb Composite of Trimmed Retail Cuts","Lamb, composite of trimmed retail cuts, separable lean and fat, trimmed to 1/8"" fat, choice, raw","Protein","lamb"
"lamb-loin-protein","Lamb Loin","Lamb, loin, separable lean and fat, trimmed to 1/8"" fat, choice, raw","Protein","lamb"
"game-meat-bison","Game Meat Bison","Game meat, bison, top sirloin, separable lean only, trimmed to 0"" fat, raw","Protein","bison"
"game-meat-bison-protein","Game Meat Bison","Game meat, bison, ribeye, separable lean only, trimmed to 0"" fat, raw","Protein","bison"
"veal-shank-fore-and-hind","Veal Shank (Fore and Hind)","Veal, shank (fore and hind), separable lean and fat, raw","Protein","veal"
"veal-shank-fore-and-hind-protein","Veal Shank (Fore and Hind)","Veal, shank (fore and hind), separable lean only, raw","Protein","veal"
"lamb-australian","Lamb Australian","Lamb, Australian, imported, fresh, separable fat, raw","Protein","lamb"
"lamb-australian-protein","Lamb Australian","Lamb, Australian, imported, fresh, foreshank, separable lean and fat, trimmed to 1/8"" fat, raw","Protein","lamb"
"game-meat-deer","Game Meat Deer","Game meat, deer, ground, raw","Protein",""
"veal-australian-protein","Veal Australian","Veal, Australian, shank, hind, bone-in, separable lean only, raw","Protein","veal"
"veal-leg","Veal Leg","Veal, leg, top round, cap off, cutlet, boneless, raw","Protein","veal"
"veal-shank","Veal Shank","Veal, shank, separable lean only, raw","Protein","veal"
"veal-shank-protein","Veal Shank","Veal, shank, separable lean and fat, raw","Protein","veal"
"frozen-ready-to-bake-puff-pastry","Frozen Ready-To-Bake Puff Pastry","Puff pastry, frozen, ready-to-bake","Baking Supplies",""
"phyllo-dough","Phyllo Dough","Phyllo dough","Baking Supplies",""
"quail-breast","Quail Breast","Quail, breast, meat only, raw","Protein",""
"ruffed-grouse-breast-meat","Ruffed Grouse Breast Meat","Ruffed Grouse, breast meat, skinless, raw","Protein",""
"emu","Emu","Emu, ground, raw","Protein",""
"emu-inside-drum","Emu Inside Drum","Emu, inside drum, raw","Protein",""
"emu-outside-drum","Emu Outside Drum","Emu, outside drum, raw","Protein",""
"emu-oyster","Emu Oyster","Emu, oyster, raw","Protein","oyster"
"ostrich-inside-leg","Ostrich Inside Leg","Ostrich, inside leg, raw","Protein",""
"ostrich-inside-strip","Ostrich Inside Strip","Ostrich, inside strip, raw","Protein",""
"ostrich-round","Ostrich Round","Ostrich, round, raw","Protein",""
"ostrich-tenderloin","Ostrich Tenderloin","Ostrich, tenderloin, raw","Protein",""
"ostrich-tip-trimmed","Ostrich Tip Trimmed","Ostrich, tip trimmed, raw","Protein",""
"turkey-fat-free","Turkey Fat Free","Turkey, ground, fat free, raw","Protein","turkey"
"chicken-skin-drumsticks-and-thighs","Chicken Skin (Drumsticks and Thighs)","Chicken, skin (drumsticks and thighs), raw","Protein","chicken"
"chicken-drumstick-protein","Chicken Drumstick","Chicken, dark meat, drumstick, meat and skin, with added solution, raw","Protein","chicken"
"turkey-from-whole-with-added-solution","Turkey From Whole with Added Solution","Turkey from whole, light meat, meat only, with added solution, raw","Protein","turkey"
"turkey-skin-from-whole-light-and-dark","Turkey Skin From Whole (Light and Dark)","Turkey, skin from whole (light and dark), with added solution, raw","Protein","turkey"
"turkey-skin","Turkey Skin","Turkey, skin, from retail parts, from dark meat, raw","Protein","turkey"
"turkey-breast","Turkey Breast","Turkey, breast, from whole bird, meat only, with added solution, raw","Protein","turkey"
"plum-ready-to-serve-sauce","Plum Ready-To-Serve Sauce","Sauce, plum, ready-to-serve","Condiments & Sauces",""
"pizza-canned-sauce","Pizza Canned Sauce","Sauce, pizza, canned, ready-to-serve","Condiments & Sauces",""
"stock-beef-soup","Stock Beef Soup","Soup, stock, beef, home-prepared","Condiments & Sauces",""
"stock-chicken-soup","Stock Chicken Soup","Soup, stock, chicken, home-prepared","Condiments & Sauces",""
"stock-fish-soup","Stock Fish Soup","Soup, stock, fish, home-prepared","Condiments & Sauces",""
"hoisin-ready-to-serve-sauce","Hoisin Ready-To-Serve Sauce","Sauce, hoisin, ready-to-serve","Condiments & Sauces",""
"chicken-broth-lessreduced-sodium-soup","Chicken Broth Less/Reduced Sodium Soup","Soup, chicken broth, less/reduced sodium, ready to serve","Condiments & Sauces",""
"beef-broth-lessreduced-sodium-soup","Beef Broth Less/Reduced Sodium Soup","Soup, beef broth, less/reduced sodium, ready to serve","Condiments & Sauces",""
"teriyaki-ready-to-serve-sauce-condiments-and-sauces","Teriyaki Ready-To-Serve Sauce","Sauce, teriyaki, ready-to-serve, reduced sodium","Condiments & Sauces",""
"vegetable-with-beef-broth-canned-soup-condiments-and-sauces","Vegetable with Beef Broth Canned Soup","Soup, vegetable with beef broth, canned, prepared with equal volume water","Condiments & Sauces",""
"beef-broth-or-bouillon-powder-soup-condiments-and-sauces","Beef Broth or Bouillon Powder Soup","Soup, beef broth or bouillon, powder, prepared with water","Condiments & Sauces",""
"beef-broth-cubed-soup-condiments-and-sauces","Beef Broth Cubed Soup","Soup, beef broth, cubed, prepared with water","Condiments & Sauces",""
"chicken-broth-or-bouillon-dry-soup-condiments-and-sauces","Chicken Broth or Bouillon Dry Soup","Soup, chicken broth or bouillon, dry, prepared with water","Condiments & Sauces",""
"olive-loaf-pork","Olive Loaf Pork","Olive loaf, pork","Protein","pork"
"pastrami-turkey","Pastrami Turkey","Pastrami, turkey","Protein","turkey"
"pate-chicken-liver","Pate Chicken Liver","Pate, chicken liver, canned","Protein","chicken"
"pate-liver","Pate Liver","Pate, liver, not specified, canned","Protein",""
"luxury-loaf-pork","Luxury Loaf Pork","Luxury loaf, pork","Protein","pork"
"mothers-loaf-pork","Mother's Loaf Pork","Mother's loaf, pork","Protein","pork"
"picnic-loaf-pork","Picnic Loaf Pork","Picnic loaf, pork, beef","Protein","pork"
"pork-sausage-linkpatty-protein","Pork Sausage Link/Patty","Pork sausage, link/patty, unprepared","Protein","pork"
"salami-dry-or-hard","Salami Dry or Hard","Salami, dry or hard, pork","Protein",""
"thuringer-cervelat","Thuringer Cervelat","Thuringer, cervelat, summer sausage, beef, pork","Protein",""
"turkey-breast-sliced","Turkey Breast Sliced","Turkey breast, sliced, prepackaged","Protein","turkey"
"sausage-vienna","Sausage Vienna","Sausage, Vienna, canned, chicken, beef, pork","Protein",""
"honey-roll-sausage-beef","Honey Roll Sausage Beef","Honey roll sausage, beef","Protein","beef"
"oscar-mayer-braunschweiger-liver-sausage-sliced","Oscar Mayer Braunschweiger Liver Sausage (Sliced)","Oscar Mayer, Braunschweiger Liver Sausage (sliced)","Protein",""
"oscar-mayer-chicken-breast-honey-glazed","Oscar Mayer Chicken Breast (Honey Glazed)","Oscar Mayer, Chicken Breast (honey glazed)","Protein","chicken"
"oscar-mayer-ham-chopped-with-natural-juice","Oscar Mayer Ham (Chopped with Natural Juice)","Oscar Mayer, Ham (chopped with natural juice)","Protein","pork"
"oscar-mayer-salami-hard","Oscar Mayer Salami (Hard)","Oscar Mayer, Salami (hard)","Protein",""
"luncheon-meat-pork","Luncheon Meat Pork","Luncheon meat, pork, ham, and chicken, minced, canned, reduced sodium, added ascorbic acid, includes SPAM, 25% less sodium","Protein","pork"
"luncheon-meat-pork-with-ham","Luncheon Meat Pork with Ham","Luncheon meat, pork with ham, minced, canned, includes Spam (Hormel)","Protein","pork"
"sausage-italian-protein","Sausage Italian","Sausage, Italian, sweet, links","Protein",""
"sausage-polish","Sausage Polish","Sausage, Polish, beef with chicken, hot","Protein",""
"pastrami-beef","Pastrami Beef","Pastrami, beef, 98% fat-free","Protein","beef"
"beerwurst-pork-and-beef","Beerwurst Pork and Beef","Beerwurst, pork and beef","Protein","pork"
"chicken-breast-fat-free","Chicken Breast Fat-Free","Chicken breast, fat-free, mesquite flavor, sliced","Protein","chicken"
"frankfurter-pork","Frankfurter Pork","Frankfurter, pork","Protein","pork"
"salami-italian","Salami Italian","Salami, Italian, pork and beef, dry, sliced, 50% less sodium","Protein",""
"pate-truffle-flavor","Pate Truffle Flavor","Pate, truffle flavor","Protein",""
"frankfurter-meat","Frankfurter Meat","Frankfurter, meat","Protein",""
"scrapple-pork","Scrapple Pork","Scrapple, pork","Protein","pork"
"bologna-chicken","Bologna Chicken","Bologna, chicken, turkey, pork","Protein","chicken"
"quaker-quaker-multigrain-oatmeal-cereals","Quaker Quaker Multigrain Oatmeal Cereals","Cereals, QUAKER, QUAKER MultiGrain Oatmeal, dry","Grains & Cereals",""
"quaker-instant-grits-cereals","Quaker Instant Grits Cereals","Cereals, QUAKER, Instant Grits, Butter flavor, dry","Grains & Cereals",""
"quaker-quick-oats-cereals","Quaker Quick Oats Cereals","Cereals, QUAKER, Quick Oats, Dry","Grains & Cereals",""
"quaker-instant-oatmeal-cereals-grains-and-cereals","Quaker Instant Oatmeal Cereals","Cereals, QUAKER, Instant Oatmeal, Raisin and Spice, dry","Grains & Cereals",""
"quaker-instant-grits-cereals-grains-and-cereals","Quaker Instant Grits Cereals","Cereals, QUAKER, Instant Grits, Redeye Gravy & Country Ham flavor, dry","Grains & Cereals",""
"quaker-instant-grits-product-with-american-cheese-flavor-cereals","Quaker Instant Grits Product with American Cheese Flavor Cereals","Cereals, QUAKER, Instant Grits Product with American Cheese Flavor, dry","Grains & Cereals",""
"malt-o-meal-farina-hot-wheat-cereal-cereals","Malt-O-Meal Farina Hot Wheat Cereal Cereals","Cereals, MALT-O-MEAL, Farina Hot Wheat Cereal, dry","Grains & Cereals",""
"malt-o-meal-maple-brown-sugar-hot-wheat-cereal-cereals","Malt-O-Meal Maple & Brown Sugar Hot Wheat Cereal Cereals","Cereals, MALT-O-MEAL, Maple & Brown Sugar Hot Wheat Cereal, dry","Grains & Cereals",""
"cream-of-wheat-1-minute-cook-time-cereals","Cream of Wheat 1 Minute Cook Time Cereals","Cereals, CREAM OF WHEAT, 1 minute cook time, dry","Grains & Cereals",""
"figs","Figs","Figs, raw","Produce",""
"canned-figs","Canned Figs","Figs, canned, water pack, solids and liquids","Produce",""
"canned-figs-produce","Canned Figs","Figs, canned, light syrup pack, solids and liquids","Produce",""
"canned-fruit-cocktail-produce","Canned Fruit Cocktail","Fruit cocktail, (peach and pineapple and pear and grape and cherry), canned, extra light syrup, solids and liquids","Produce",""
"gooseberries","Gooseberries","Gooseberries, raw","Produce",""
"canned-gooseberries","Canned Gooseberries","Gooseberries, canned, light syrup pack, solids and liquids","Produce",""
"dried-goji-berries","Dried Goji Berries","Goji berries, dried","Produce","berry"
"pink-and-red-and-white-grapefruit","Pink and Red and White Grapefruit","Grapefruit, raw, pink and red and white, all areas","Produce",""
"white-grapefruit","White Grapefruit","Grapefruit, raw, white, Florida","Produce",""
"sections-grapefruit","Sections Grapefruit","Grapefruit, sections, canned, water pack, solids and liquids","Produce",""
"sections-grapefruit-produce","Sections Grapefruit","Grapefruit, sections, canned, juice pack, solids and liquids","Produce",""
"pink-or-red-grapefruit-juice","Pink or Red Grapefruit Juice","Grapefruit juice, pink or red, with added calcium","Produce",""
"muscadine-grapes","Muscadine Grapes","Grapes, muscadine, raw","Produce","grape"
"canned-or-bottled-grape-juice-produce","Canned or Bottled Grape Juice","Grape juice, canned or bottled, unsweetened, without added ascorbic acid","Produce","grape"
"groundcherries","Groundcherries","Groundcherries, (cape-gooseberries or poha), raw","Produce",""
"common-guavas","Common Guavas","Guavas, common, raw","Produce",""
"strawberry-guavas","Strawberry Guavas","Guavas, strawberry, raw","Produce",""
"beef-top-loin-petite-roastfilet","Beef Top Loin Petite Roast/Filet","Beef, top loin petite roast/filet, boneless, separable lean only, trimmed to 1/8"" fat, all grades, raw","Protein","beef"
"beef-ribeye-cap-steak","Beef Ribeye Cap Steak","Beef, ribeye cap steak, boneless, separable lean only, trimmed to 0"" fat, all grades, raw","Protein","beef"
"beef-top-loin-petite-roastfilet-protein","Beef Top Loin Petite Roast/Filet","Beef, top loin petite roast/filet, boneless, separable lean and fat, trimmed to 1/8"" fat, choice, raw","Protein","beef"
"beef-new-zealand","Beef New Zealand","Beef, New Zealand, imported, brisket point end, separable lean only, raw","Protein","beef"
"beef-new-zealand-protein","Beef New Zealand","Beef, New Zealand, imported, chuck eye roll, separable lean only, raw","Protein","beef"
"beef-93-lean-meat-7-fat","Beef 93% Lean Meat / 7% Fat","Beef, ground, 93% lean meat / 7% fat, raw","Protein","beef"
"beef-97-lean-meat-3-fat","Beef 97% Lean Meat / 3% Fat","Beef, ground, 97% lean meat / 3% fat, raw","Protein","beef"
"powder-whiskey-sour-mix","Powder Whiskey Sour Mix","Beverages, Whiskey sour mix, powder","Beverages",""
"whiskey-sour-prepared-with-water-alcoholic-beverage","Whiskey Sour Prepared with Water Alcoholic Beverage","Alcoholic beverage, whiskey sour, prepared with water, whiskey and powder mix","Beverages",""
"bottled-yumberry-water","Bottled Yumberry Water","Beverages, water, bottled, yumberry, pomegranate with anti-oxidants, zero calories","Beverages",""
"eas-whey-protein-powder-abbott","Eas Whey Protein Powder Abbott","Beverages, ABBOTT, EAS whey protein powder","Beverages",""
"creme-de-menthe-72-proof-alcoholic-beverage","Creme De Menthe 72 Proof Alcoholic Beverage","Alcoholic beverage, creme de menthe, 72 proof","Beverages",""
"slimfast-shake-mix-powder-unilever","Slimfast Shake Mix Powder Unilever","Beverages, UNILEVER, SLIMFAST Shake Mix, powder, 3-2-1 Plan","Beverages",""
"orange-mango-fortified-with-vitamins-a-fuze","Orange Mango Fortified with Vitamins A Fuze","Beverages, FUZE, orange mango, fortified with vitamins A, C, E, B6","Beverages",""
"slimfast-shake-mix-high-protein-unilever","Slimfast Shake Mix High Protein Unilever","Beverages, UNILEVER, SLIMFAST Shake Mix, high protein, whey powder, 3-2-1 Plan,","Beverages",""
"fortified-acai-berry-drink","Fortified Acai Berry Drink","Beverages, Acai berry drink, fortified","Beverages",""
"wine-dessert-alcoholic-beverage","Wine Dessert Alcoholic Beverage","Alcoholic beverage, wine, dessert, sweet","Beverages",""
"whey-protein-powder-isolate","Whey Protein Powder Isolate","Beverages, Whey protein powder isolate","Beverages",""
"light-no-pulp-orange-juice","Light No Pulp Orange Juice","Beverages, Orange juice, light, No pulp","Beverages",""
"hi-c-flashin-fruit-punch-the-coca-cola-company","Hi-C Flashin' Fruit Punch The Coca-Cola Company","Beverages, The COCA-COLA company, Hi-C Flashin' Fruit Punch","Beverages",""
"protein-powder-whey-based","Protein Powder Whey Based","Beverages, Protein powder whey based","Beverages",""
"protein-powder-soy-based","Protein Powder Soy Based","Beverages, Protein powder soy based","Beverages",""
"powder-rich-chocolate","Powder Rich Chocolate","Beverages, rich chocolate, powder","Beverages",""
"naturally-sparkling-mineral-bottled-water-gerolsteiner-brunnen-gmbh-co-kg-gerolsteiner","Naturally Sparkling Mineral Bottled Water Gerolsteiner Brunnen Gmbh & Co. Kg (Gerolsteiner)","Beverages, GEROLSTEINER BRUNNEN GmbH & Co. KG (Gerolsteiner), naturally sparkling, mineral bottled water","Beverages",""
"powder-prepared-with-fat-free-milk-chocolate-malt","Powder Prepared with Fat Free Milk Chocolate Malt","Beverages, chocolate malt, powder, prepared with fat free milk","Beverages",""
"peach-mango-v8-splash-smoothies","Peach Mango V8 Splash Smoothies","Beverages, V8 SPLASH Smoothies, Peach Mango","Beverages",""
"unsweetened-shelf-stable-chocolate-almond-milk","Unsweetened Shelf-Stable Chocolate Almond Milk","Beverages, chocolate almond milk, unsweetened, shelf-stable, fortified with vitamin D2 and E","Beverages",""
"glaceau-vitamin-water-revive-fruit-punch-the-coca-cola-company","Glaceau Vitamin Water Revive Fruit Punch The Coca-Cola Company","Beverages, The COCA-COLA company, Glaceau Vitamin Water, Revive Fruit Punch, fortified","Beverages",""
"lemonada-limeade-minute-maid","Lemonada Limeade Minute Maid","Beverages, MINUTE MAID, Lemonada, Limeade","Beverages",""
"with-added-nutrients-mixed-vegetable-and-fruit-juice-drink","With Added Nutrients Mixed Vegetable and Fruit Juice Drink","Beverages, Mixed vegetable and fruit juice drink, with added nutrients","Beverages",""
"cream-soda-carbonated-beverage","Cream Soda Carbonated Beverage","Carbonated beverage, cream soda","Beverages",""
"grape-soda-carbonated","Grape Soda Carbonated","Beverages, carbonated, grape soda","Beverages",""
"low-calorie-other-than-cola-or-pepper-carbonated","Low Calorie Other Than Cola or Pepper Carbonated","Beverages, carbonated, low calorie, other than cola or pepper,  without caffeine","Beverages",""
"lemon-lime-soda-no-caffeine-carbonated","Lemon-Lime Soda No Caffeine Carbonated","Beverages, carbonated, lemon-lime soda, no caffeine","Beverages",""
"sprite-lemon-lime-carbonated","Sprite Lemon-Lime Carbonated","Beverages, carbonated, SPRITE, lemon-lime, without caffeine","Beverages",""
"low-calorie-other-than-cola-or-pepper-carbonated-beverages","Low Calorie Other Than Cola or Pepper Carbonated","Beverages, carbonated, low calorie, other than cola or pepper, with aspartame, contains caffeine","Beverages",""
"pepper-type-contains-caffeine-carbonated","Pepper-Type Contains Caffeine Carbonated","Beverages, carbonated, pepper-type, contains caffeine","Beverages",""
"canned-grape-juice-drink","Canned Grape Juice Drink","Beverages, grape juice drink, canned","Beverages",""
"cranberry-juice-cocktail","Cranberry Juice Cocktail","Beverages, Cranberry juice cocktail","Beverages",""
"frozen-concentrate-white-lemonade","Frozen Concentrate White Lemonade","Lemonade, frozen concentrate, white","Beverages",""
"frozen-concentrate-white-lemonade-beverages","Frozen Concentrate White Lemonade","Lemonade, frozen concentrate, white, prepared with water","Beverages",""
"with-added-nutrients-powder-malted-drink-mix","With Added Nutrients Powder Malted Drink Mix","Beverages, Malted drink mix, natural, with added nutrients, powder, prepared with whole milk","Beverages",""
"powder-dairy-based-malted-drink-mix","Powder Dairy Based. Malted Drink Mix","Beverages, Malted drink mix, natural, powder, dairy based.","Beverages",""
"powder-prepared-with-whole-milk-malted-drink-mix","Powder Prepared with Whole Milk Malted Drink Mix","Beverages, Malted drink mix, natural, powder, prepared with whole milk","Beverages",""
"chocolate-malt-powder-ovaltine","Chocolate Malt Powder Ovaltine","Beverages, OVALTINE, chocolate malt powder","Beverages",""
"canned-orange-and-apricot-juice-drink","Canned Orange and Apricot Juice Drink","Beverages, orange and apricot juice drink, canned","Beverages",""
"canned-pineapple-and-grapefruit-juice-drink","Canned Pineapple and Grapefruit Juice Drink","Beverages, pineapple and grapefruit juice drink, canned","Beverages",""
"canned-pineapple-and-orange-juice-drink","Canned Pineapple and Orange Juice Drink","Beverages, pineapple and orange juice drink, canned","Beverages",""
"fast-food-vanilla-shake","Fast Food Vanilla Shake","Shake, fast food, vanilla","Beverages",""
"black-brewed-tea","Black Brewed Tea","Beverages, tea, black, brewed, prepared with tap water","Beverages",""
"instant-decaffeinated-tea","Instant Decaffeinated Tea","Beverages, tea, instant, decaffeinated, lemon, diet","Beverages",""
"instant-decaffeinated-tea-beverages","Instant Decaffeinated Tea","Beverages, tea, instant, decaffeinated, lemon, sweetened","Beverages",""
"instant-unsweetened-tea","Instant Unsweetened Tea","Beverages, tea, instant, unsweetened, powder","Beverages",""
"instant-lemon-tea-beverages","Instant Lemon Tea","Beverages, tea, instant, lemon, diet","Beverages",""
"herb-other-than-chamomile-tea","Herb Other Than Chamomile Tea","Beverages, tea, herb, other than chamomile, brewed","Beverages",""
"bottled-perrier-water","Bottled Perrier Water","Beverages, water, bottled, PERRIER","Beverages",""
"bottled-poland-spring-water","Bottled Poland Spring Water","Beverages, water, bottled, POLAND SPRING","Beverages",""
"breakfast-type-powder-orange-flavor-drink","Breakfast Type Powder Orange-Flavor Drink","Beverages, orange-flavor drink, breakfast type, powder","Beverages",""
"breakfast-type-powder-orange-flavor-drink-beverages","Breakfast Type Powder Orange-Flavor Drink","Beverages, orange-flavor drink, breakfast type, powder, prepared with water","Beverages",""
"breakfast-type-low-calorie-orange-flavor-drink","Breakfast Type Low Calorie Orange-Flavor Drink","Beverages, Orange-flavor drink, breakfast type, low calorie, powder","Beverages",""
"ready-to-bake-or-fry-corn-tortillas","Ready-To-Bake or -Fry Corn Tortillas","Tortillas, ready-to-bake or -fry, corn, without added salt","Baking Supplies",""
"ready-to-bake-or-fry-flour-tortillas-baking-supplies","Ready-To-Bake or -Fry Flour Tortillas","Tortillas, ready-to-bake or -fry, flour, without added calcium","Baking Supplies",""
"refined-unenriched-sorghum-flour","Refined Unenriched Sorghum Flour","Sorghum flour, refined, unenriched","Grains & Cereals",""
"beef-rib-eye-steak-protein","Beef Rib Eye Steak","Beef, rib eye steak, boneless, lip off, separable lean only, trimmed to 0"" fat, choice, raw","Protein","beef"
"whipped-butter","Whipped Butter","Butter, whipped, with salt","Dairy","butter"
"anhydrous-butter-oil","Anhydrous Butter Oil","Butter oil, anhydrous","Dairy","butter"
"caraway-cheese","Caraway Cheese","Cheese, caraway","Dairy","cheese"
"cheshire-cheese","Cheshire Cheese","Cheese, cheshire","Dairy","cheese"
"colby-cheese","Colby Cheese","Cheese, colby","Dairy","cheese"
"edam-cheese","Edam Cheese","Cheese, edam","Dairy","cheese"
"powder-egg-substitute","Powder Egg Substitute","Egg substitute, powder","Protein",""
"goat-cheese-dairy","Goat Cheese","Cheese, goat, semisoft type","Dairy","cheese"
"low-fat-cheese","Low Fat Cheese","Cheese, low fat, cheddar or colby","Dairy","cheese"
"low-sodium-cheese","Low-Sodium Cheese","Cheese, low-sodium, cheddar or colby","Dairy","cheese"
"fluid-milk-dairy","Fluid Milk","Milk, fluid, 1% fat, without added vitamin A and vitamin D","Dairy","milk"
"reduced-fat-sour-cream","Reduced Fat Sour Cream","Sour cream, reduced fat","Dairy","cream"
"light-sour-cream","Light Sour Cream","Sour cream, light","Dairy","cream"
"fat-free-sour-cream","Fat Free Sour Cream","Sour cream, fat free","Dairy","cream"
"vanilla-or-lemon-flavor-yogurt-dairy","Vanilla or Lemon Flavor Yogurt","Yogurt, vanilla or lemon flavor, nonfat milk, sweetened with low-calorie sweetener","Dairy","yogurt"
"kraft-cheez-whiz-light-pasteurized-process-cheese-product","Kraft Cheez Whiz Light Pasteurized Process Cheese Product","KRAFT CHEEZ WHIZ LIGHT Pasteurized Process Cheese Product","Dairy","cheese"
"kraft-free-singles-american-nonfat-pasteurized-process-cheese-product","Kraft Free Singles American Nonfat Pasteurized Process Cheese Product","KRAFT FREE Singles American Nonfat Pasteurized Process Cheese Product","Dairy","cheese"
"kraft-velveeta-pasteurized-process-cheese-spread","Kraft Velveeta Pasteurized Process Cheese Spread","KRAFT VELVEETA Pasteurized Process Cheese Spread","Dairy","cheese"
"kraft-velveeta-light-reduced-fat-pasteurized-process-cheese-product","Kraft Velveeta Light Reduced Fat Pasteurized Process Cheese Product","KRAFT VELVEETA LIGHT Reduced Fat Pasteurized Process Cheese Product","Dairy","cheese"
"flavored-cream-substitute-dairy","Flavored Cream Substitute","Cream substitute, flavored, liquid","Dairy","cream"
"pasteurized-process-cheese-product-dairy","Pasteurized Process Cheese Product","Cheese product, pasteurized process, American, reduced fat, fortified with vitamin D","Dairy","cheese"
"fruit-variety-yogurt-dairy","Fruit Variety Yogurt","Yogurt, fruit variety, nonfat, fortified with vitamin D","Dairy","yogurt"
"milk-based-protein-supplement","Milk Based Protein Supplement","Protein supplement, milk based, Muscle Milk, powder","Dairy","milk"
"milk-based-protein-supplement-dairy","Milk Based Protein Supplement","Protein supplement, milk based, Muscle Milk Light, powder","Dairy","milk"
"dulce-de-leche","Dulce De Leche","Dulce de Leche","Dairy",""
"liquid-or-frozen-egg-substitute","Liquid or Frozen Egg Substitute","Egg substitute, liquid or frozen, fat free","Protein",""
"vanilla-flavor-yogurt","Vanilla Flavor Yogurt","Yogurt, vanilla flavor, lowfat milk, sweetened with low calorie sweetener","Dairy","yogurt"
"thyme-spices-and-herbs","Thyme","Thyme, fresh","Spices & Herbs",""
"horseradish","Horseradish","Horseradish, prepared","Spices & Herbs",""
"rosemary-spices-and-herbs","Rosemary","Rosemary, fresh","Spices & Herbs",""
"peppermint","Peppermint","Peppermint, fresh","Spices & Herbs",""
"spearmint-spices-and-herbs","Spearmint","Spearmint, fresh","Spices & Herbs",""
"seasoning-mix-spices-and-herbs","Seasoning Mix","Seasoning mix, dry, chili, original","Spices & Herbs",""
"cupu-assu-oil","Cupu Assu Oil","Oil, cupu assu","Oils & Fats",""
"chicken-oil","Chicken Oil","Fat, chicken","Oils & Fats",""
"soybean-partially-hydrogenated-and-cottonseed-oil","Soybean (Partially Hydrogenated) and Cottonseed Oil","Oil, soybean, salad or cooking, (partially hydrogenated) and cottonseed","Oils & Fats",""
"shortening-industrial-lard-and-vegetable-oil","Shortening Industrial Lard and Vegetable Oil","Shortening industrial, lard and vegetable oil","Oils & Fats",""
"shortening-frying-heavy-duty-beef-tallow-and-cottonseed-oil","Shortening Frying (Heavy Duty) Beef Tallow and Cottonseed Oil","Shortening frying (heavy duty), beef tallow and cottonseed","Oils & Fats",""
"shortening-confectionery-coconut-hydrogenated-and-or-palm-kernel-hydrogenated-oil","Shortening Confectionery Coconut (Hydrogenated) and or Palm Kernel (Hydrogenated) Oil","Shortening confectionery, coconut (hydrogenated) and or palm kernel (hydrogenated)","Oils & Fats",""
"shortening-industrial-soybean-hydrogenated-and-cottonseed-oil","Shortening Industrial Soybean (Hydrogenated) and Cottonseed Oil","Shortening industrial, soybean (hydrogenated) and cottonseed","Oils & Fats",""
"ucuhuba-butter-oil","Ucuhuba Butter Oil","Oil, ucuhuba butter","Oils & Fats",""
"turkey-oil","Turkey Oil","Fat, turkey","Oils & Fats",""
"goose-oil","Goose Oil","Fat, goose","Oils & Fats",""
"avocado-oil","Avocado Oil","Oil, avocado","Oils & Fats",""
"special-purpose-for-cakes-and-frostings-soybean-hydrogenated-oil","Special Purpose For Cakes and Frostings Soybean (Hydrogenated) Oil","Shortening, special purpose for cakes and frostings, soybean (hydrogenated)","Oils & Fats",""
"special-purpose-for-baking-soybean-hydrogenated-palm-and-cottonseed-oil","Special Purpose For Baking Soybean (Hydrogenated) Palm and Cottonseed Oil","Shortening, special purpose for baking, soybean (hydrogenated) palm and cottonseed","Oils & Fats",""
"oat-oil","Oat Oil","Oil, oat","Oils & Fats",""
"fish-oil-cod-liver-oil","Fish Oil Cod Liver Oil","Fish oil, cod liver","Oils & Fats",""
"fish-oil-sardine-oil","Fish Oil Sardine Oil","Fish oil, sardine","Oils & Fats",""
"multipurpose-soybean-hydrogenated-and-palm-hydrogenated-oil","Multipurpose Soybean (Hydrogenated) and Palm (Hydrogenated) Oil","Shortening, multipurpose, soybean (hydrogenated) and palm (hydrogenated)","Oils & Fats",""
"margarine-like-vegetable-oil-butter-spread-oil-oils-and-fats","Margarine-Like Vegetable Oil-Butter Spread Oil","Margarine-like, vegetable oil-butter spread, tub, with salt","Oils & Fats",""
"butter-light-oil-oils-and-fats","Butter Light Oil","Butter, light, stick, with salt","Oils & Fats",""
"vegetable-household-oil","Vegetable Household Oil","Shortening, vegetable, household, composite","Oils & Fats",""
"margarine-like-spread-with-yogurt-approximately-40-fat-oil","Margarine-Like Spread with Yogurt Approximately 40% Fat Oil","Margarine-like spread with yogurt, approximately 40% fat, tub, with salt","Oils & Fats",""
"margarine-margarine-type-vegetable-oil-spread-oil","Margarine Margarine-Type Vegetable Oil Spread Oil","Margarine, margarine-type vegetable oil spread, 70% fat, soybean and partially hydrogenated soybean, stick","Oils & Fats",""
"margarine-spread-40-49-fat-oil","Margarine Spread 40-49% Fat Oil","Margarine Spread, 40-49% fat, tub","Oils & Fats",""
"salad-dressing-ranch-dressing-oil","Salad Dressing Ranch Dressing Oil","Salad dressing, ranch dressing, fat-free","Oils & Fats",""
"salad-dressing-ranch-dressing-oil-oils-and-fats","Salad Dressing Ranch Dressing Oil","Salad dressing, ranch dressing, regular","Oils & Fats",""
"industrial-coconut-oil","Industrial Coconut Oil","Oil, industrial, coconut, principal uses candy coatings, oil sprays, roasting nuts","Oils & Fats",""
"margarine-like-shortening-industrial-oil","Margarine-Like Shortening Industrial Oil","Margarine-like shortening, industrial, soy (partially hydrogenated), cottonseed, and soy, principal use flaky pastries","Oils & Fats",""
"industrial-palm-kernel-oil","Industrial Palm Kernel Oil","Oil, industrial, palm kernel, confection fat, uses similar to high quality cocoa butter","Oils & Fats",""
"industrial-palm-kernel-hydrogenated-oil-oils-and-fats","Industrial Palm Kernel (Hydrogenated) Oil","Oil, industrial, palm kernel (hydrogenated), confection fat, uses similar to 95 degree hard butter","Oils & Fats",""
"margarine-industrial-oil-oils-and-fats","Margarine Industrial Oil","Margarine, industrial, non-dairy, cottonseed, soy oil (partially hydrogenated ), for flaky pastries","Oils & Fats",""
"industrial-soy-partially-hydrogenated-and-corn-for-frying-oil","Industrial Soy (Partially Hydrogenated ) and Corn For Frying Oil","Shortening, industrial, soy (partially hydrogenated ) and corn for frying","Oils & Fats",""
"industrial-soy-partially-hydrogenated-for-baking-and-confections-oil","Industrial Soy (Partially Hydrogenated ) For Baking and Confections Oil","Shortening, industrial, soy (partially hydrogenated ) for baking and confections","Oils & Fats",""
"margarine-like-spread-smart-beat-super-light-without-saturated-fat-oil","Margarine-Like Spread Smart Beat Super Light Without Saturated Fat Oil","Margarine-like spread, SMART BEAT Super Light without saturated fat","Oils & Fats",""
"margarine-like-spread-smart-beat-smart-squeeze-oil","Margarine-Like Spread Smart Beat Smart Squeeze Oil","Margarine-like spread, SMART BEAT Smart Squeeze","Oils & Fats",""
"margarine-like-spread-smart-balance-omega-plus-spread-with-plant-sterols-fish-oil-oil","Margarine-Like Spread Smart Balance Omega Plus Spread (With Plant Sterols & Fish Oil) Oil","Margarine-like spread, SMART BALANCE Omega Plus Spread (with plant sterols & fish oil)","Oils & Fats",""
"chicken-leg-protein","Chicken Leg","Chicken, broilers or fryers, leg, meat only, raw","Protein","chicken"
"chicken-neck-protein","Chicken Neck","Chicken, broilers or fryers, neck, meat only, raw","Protein","chicken"
"canada-goose-breast-meat-only","Canada Goose Breast Meat Only","Canada Goose, breast meat only, skinless, raw","Protein",""
"chicken-and-giblets-and-neck","Chicken and Giblets and Neck","Chicken, stewing, meat and skin, and giblets and neck, raw","Protein","chicken"
"chicken-capons-protein","Chicken Capons","Chicken, capons, meat and skin, raw","Protein","chicken"
"tap-drinking-water","Tap Drinking Water","Beverages, water, tap, drinking","Beverages",""
"cereal-grain-beverage-powder-coffee-substitute","Cereal Grain Beverage Powder Coffee Substitute","Beverages, coffee substitute, cereal grain beverage, powder, prepared with whole milk","Beverages",""
"chocolate-reduced-calorie-dairy-drink-mix","Chocolate Reduced Calorie Dairy Drink Mix","Beverages, Dairy drink mix, chocolate, reduced calorie, with low-calorie sweeteners, powder","Beverages",""
"chocolate-reduced-calorie-dairy-drink-mix-beverages","Chocolate Reduced Calorie Dairy Drink Mix","Beverages, dairy drink mix, chocolate, reduced calorie, with aspartame, powder, prepared with water and ice","Beverages",""
"breakfast-type-with-pulp-orange-flavor-drink","Breakfast Type with Pulp Orange-Flavor Drink","Beverages, Orange-flavor drink, breakfast type, with pulp, frozen concentrate.","Beverages",""
"breakfast-type-with-pulp-orange-flavor-drink-beverages","Breakfast Type with Pulp Orange-Flavor Drink","Beverages, Orange-flavor drink, breakfast type, with pulp, frozen concentrate, prepared with water","Beverages",""
"frozen-concentrate-cranberry-juice-cocktail","Frozen Concentrate Cranberry Juice Cocktail","Cranberry juice cocktail, frozen concentrate","Beverages",""
"frozen-concentrate-prepared-with-water-cranberry-juice-cocktail","Frozen Concentrate Prepared with Water Cranberry Juice Cocktail","Cranberry juice cocktail, frozen concentrate, prepared with water","Beverages",""
"bottled-non-carbonated-water-beverages","Bottled Non-Carbonated Water","Beverages, water, bottled, non-carbonated, DANNON","Beverages",""
"water-bottled-dannon","Water Bottled Dannon","Beverages, DANNON, water, bottled, non-carbonated, with Fluoride","Beverages",""
"quaker-oats-gatorade-drink-mix","Quaker Oats Gatorade Drink Mix","Beverages, drink mix, QUAKER OATS, GATORADE, orange flavor, powder","Beverages",""
"bottled-with-added-potassium-and-sodium-whiskey-sour-mix","Bottled with Added Potassium and Sodium Whiskey Sour Mix","Whiskey sour mix, bottled, with added potassium and sodium","Beverages",""
"whiskey-sour-alcoholic-beverage","Whiskey Sour Alcoholic Beverage","Alcoholic beverage, whiskey sour","Beverages",""
"liqueur-coffee-alcoholic-beverage","Liqueur Coffee Alcoholic Beverage","Alcoholic beverage, liqueur, coffee, 63 proof","Beverages",""
"frozen-concentrate-pink-lemonade","Frozen Concentrate Pink Lemonade","Lemonade, frozen concentrate, pink","Beverages",""
"frozen-concentrate-pink-lemonade-beverages","Frozen Concentrate Pink Lemonade","Beverages, lemonade, frozen concentrate, pink, prepared with water","Beverages",""
"fish-herring","Fish Herring","Fish, herring, Atlantic, kippered","Protein","herring"
"fish-herring-protein","Fish Herring","Fish, herring, Pacific, raw","Protein","herring"
"fish-ling","Fish Ling","Fish, ling, raw","Protein",""
"fish-lingcod","Fish Lingcod","Fish, lingcod, raw","Protein",""
"fish-mackerel-protein","Fish Mackerel","Fish, mackerel, Pacific and jack, mixed species, raw","Protein","mackerel"
"fish-milkfish","Fish Milkfish","Fish, milkfish, raw","Protein",""
"fish-monkfish","Fish Monkfish","Fish, monkfish, raw","Protein",""
"fish-pout","Fish Pout","Fish, pout, ocean, raw","Protein",""
"fish-perch","Fish Perch","Fish, perch, mixed species, raw","Protein",""
"fish-pike","Fish Pike","Fish, pike, northern, raw","Protein",""
"fish-pompano","Fish Pompano","Fish, pompano, florida, raw","Protein",""
"fish-rockfish","Fish Rockfish","Fish, rockfish, Pacific, mixed species, raw","Protein",""
"fish-seatrout","Fish Seatrout","Fish, seatrout, mixed species, raw","Protein",""
"fish-shad","Fish Shad","Fish, shad, american, raw","Protein",""
"fish-shark","Fish Shark","Fish, shark, mixed species, raw","Protein",""
"fish-snapper","Fish Snapper","Fish, snapper, mixed species, raw","Protein","snapper"
"fish-spot","Fish Spot","Fish, spot, raw","Protein",""
"fish-sturgeon","Fish Sturgeon","Fish, sturgeon, mixed species, raw","Protein",""
"fish-surimi","Fish Surimi","Fish, surimi","Protein",""
"fish-swordfish","Fish Swordfish","Fish, swordfish, raw","Protein","swordfish"
"fish-tilefish","Fish Tilefish","Fish, tilefish, raw","Protein",""
"fish-turbot","Fish Turbot","Fish, turbot, european, raw","Protein",""
"fish-whitefish","Fish Whitefish","Fish, whitefish, mixed species, raw","Protein",""
"fish-whiting","Fish Whiting","Fish, whiting, mixed species, raw","Protein",""
"fish-trout","Fish Trout","Fish, trout, rainbow, farmed, raw","Protein","trout"
"salmon-nuggets-breaded","Salmon Nuggets Breaded","Salmon nuggets, breaded, frozen, heated","Protein","salmon"
"salmon-sockeye","Salmon Sockeye","Salmon, sockeye, canned, drained solids, without skin and bones","Protein","salmon"
"fish-pollock-protein","Fish Pollock","Fish, pollock, Alaska, raw","Protein",""
"adzuki-beans","Adzuki Beans","Beans, adzuki, mature seeds, raw","Produce","bean"
"adzuki-canned-beans","Adzuki Canned Beans","Beans, adzuki, mature seeds, canned, sweetened","Produce","bean"
"prepared-from-adzuki-beans-and-sugar-yokan","Prepared From Adzuki Beans and Sugar Yokan","Yokan, prepared from adzuki beans and sugar","Produce","bean"
"black-beans","Black Beans","Beans, black, mature seeds, raw","Produce","bean"
"cranberry-roman-canned-beans","Cranberry (Roman) Canned Beans","Beans, cranberry (roman), mature seeds, canned","Produce","bean"
"french-beans","French Beans","Beans, french, mature seeds, raw","Produce","bean"
"kidney-canned-beans","Kidney Canned Beans","Beans, kidney, all types, mature seeds, canned","Produce","bean"
"kidney-california-red-beans","Kidney California Red Beans","Beans, kidney, california red, mature seeds, raw","Produce","bean"
"kidney-red-beans","Kidney Red Beans","Beans, kidney, red, mature seeds, raw","Produce","bean"
"navy-beans-produce","Navy Beans","Beans, navy, mature seeds, raw","Produce","bean"
"navy-canned-beans-produce","Navy Canned Beans","Beans, navy, mature seeds, canned","Produce","bean"
"pink-beans","Pink Beans","Beans, pink, mature seeds, raw","Produce","bean"
"small-white-beans","Small White Beans","Beans, small white, mature seeds, raw","Produce","bean"
"yellow-beans","Yellow Beans","Beans, yellow, mature seeds, raw","Produce","bean"
"canned-broadbeans-fava-beans","Canned Broadbeans (Fava Beans)","Broadbeans (fava beans), mature seeds, canned","Produce",""
"carob-flour","Carob Flour","Carob flour","Produce",""
"bengal-gram-chickpeas-garbanzo-beans","Bengal Gram) Chickpeas (Garbanzo Beans","Chickpeas (garbanzo beans, bengal gram), mature seeds, raw","Produce","bean"
"common-blackeyes-crowder-cowpeas","Common (Blackeyes Crowder Cowpeas","Cowpeas, common (blackeyes, crowder, southern), mature seeds, raw","Produce",""
"common-blackeyes-crowder-cowpeas-produce","Common (Blackeyes Crowder Cowpeas","Cowpeas, common (blackeyes, crowder, southern), mature seeds, canned, plain","Produce",""
"organic-nasoya-extra-firm-tofu-vitasoy-usa","Organic Nasoya Extra Firm Tofu Vitasoy Usa","Vitasoy USA, Organic Nasoya Extra Firm Tofu","Produce",""
"organic-nasoya-firm-tofu-vitasoy-usa","Organic Nasoya Firm Tofu Vitasoy Usa","Vitasoy USA, Organic Nasoya Firm Tofu","Produce",""
"organic-nasoya-silken-tofu-vitasoy-usa","Organic Nasoya Silken Tofu Vitasoy Usa","Vitasoy USA, Organic Nasoya Silken Tofu","Produce",""
"enhanced-soymilk-all-flavors","Enhanced Soymilk (All Flavors)","Soymilk (All flavors), enhanced","Produce",""
"original-and-vanilla-light-soymilk","Original and Vanilla Light Soymilk","Soymilk, original and vanilla, light, with added calcium, vitamins A and D","Produce",""
"chocolate-and-other-flavors-light-soymilk","Chocolate and Other Flavors Light Soymilk","Soymilk, chocolate and other flavors, light, with added calcium, vitamins A and D","Produce",""
"original-and-vanilla-light-soymilk-produce","Original and Vanilla Light Soymilk","Soymilk, original and vanilla, light, unsweetened, with added calcium, vitamins A and D","Produce",""
"lowfat-with-added-calcium-soymilk-all-flavors","Lowfat with Added Calcium Soymilk (All Flavors)","Soymilk (All flavors), lowfat, with added calcium, vitamins A and D","Produce",""
"soymilk-silk-chocolate","Soymilk Silk Chocolate","SILK Chocolate, soymilk","Produce",""
"soymilk-silk-light-plain","Soymilk Silk Light Plain","SILK Light Plain, soymilk","Produce",""
"soymilk-silk-light-vanilla","Soymilk Silk Light Vanilla","SILK Light Vanilla, soymilk","Produce",""
"soymilk-silk-light-chocolate","Soymilk Silk Light Chocolate","SILK Light Chocolate, soymilk","Produce",""
"soymilk-silk-very-vanilla","Soymilk Silk Very Vanilla","SILK Very Vanilla, soymilk","Produce",""
"soymilk-silk-nog","Soymilk Silk Nog","SILK Nog, soymilk","Produce",""
"soymilk-silk-chai","Soymilk Silk Chai","SILK Chai, soymilk","Produce",""
"soymilk-silk-mocha","Soymilk Silk Mocha","SILK Mocha, soymilk","Produce",""
"silk-raspberry-soy-yogurt","Silk Raspberry Soy Yogurt","SILK Raspberry soy yogurt","Produce",""
"silk-peach-soy-yogurt","Silk Peach Soy Yogurt","SILK Peach soy yogurt","Produce","peach"
"silk-black-cherry-soy-yogurt","Silk Black Cherry Soy Yogurt","SILK Black Cherry soy yogurt","Produce","cherry"
"silk-blueberry-soy-yogurt","Silk Blueberry Soy Yogurt","SILK Blueberry soy yogurt","Produce",""
"silk-hazelnut-creamer","Silk Hazelnut Creamer","SILK Hazelnut Creamer","Produce",""
"soft-tofu-vitasoy-usa-organic-nasoya","Soft Tofu Vitasoy Usa Organic Nasoya","Vitasoy USA Organic Nasoya, Soft Tofu","Produce",""
"lite-silken-tofu-vitasoy-usa-nasoya","Lite Silken Tofu Vitasoy Usa Nasoya","Vitasoy USA Nasoya, Lite Silken Tofu","Produce",""
"tofu-plus-extra-firm-vitasoy-usa-organic-nasoya","Tofu Plus Extra Firm Vitasoy Usa Organic Nasoya","Vitasoy USA Organic Nasoya, Tofu Plus Extra Firm","Produce",""
"silken-tofu-vitasoy-usa-azumaya","Silken Tofu Vitasoy Usa Azumaya","Vitasoy USA Azumaya, Silken Tofu","Produce",""
"house-foods-premium-soft-tofu","House Foods Premium Soft Tofu","HOUSE FOODS Premium Soft Tofu","Produce",""
"house-foods-premium-firm-tofu","House Foods Premium Firm Tofu","HOUSE FOODS Premium Firm Tofu","Produce",""
"great-northern-canned-beans-produce","Great Northern Canned Beans","Beans, great northern, mature seeds, canned, low sodium","Produce","bean"
"pinto-canned-beans-produce","Pinto Canned Beans","Beans, pinto, mature seeds, canned, drained solids, rinsed in tap water","Produce","bean"
"bengal-gram-canned-chickpeas-garbanzo-beans-produce","Bengal Gram) Canned Chickpeas (Garbanzo Beans","Chickpeas (garbanzo beans, bengal gram), mature seeds, canned, drained solids","Produce","bean"
"dry-roasted-without-salt-peanuts","Dry-Roasted Without Salt Peanuts","Peanuts, all types, dry-roasted, without salt","Produce",""
"spanish-oil-roasted-peanuts-produce","Spanish Oil-Roasted Peanuts","Peanuts, spanish, oil-roasted, without salt","Produce",""
"valencia-oil-roasted-peanuts-produce","Valencia Oil-Roasted Peanuts","Peanuts, valencia, oil-roasted, without salt","Produce",""
"virginia-oil-roasted-peanuts","Virginia Oil-Roasted Peanuts","Peanuts, virginia, oil-roasted, without salt","Produce",""
"veal-composite-of-trimmed-retail-cuts","Veal Composite of Trimmed Retail Cuts","Veal, composite of trimmed retail cuts, separable lean and fat, raw","Protein","veal"
"veal-composite-of-trimmed-retail-cuts-protein","Veal Composite of Trimmed Retail Cuts","Veal, composite of trimmed retail cuts, separable lean only, raw","Protein","veal"
"veal-loin","Veal Loin","Veal, loin, separable lean and fat, raw","Protein","veal"
"veal-loin-protein","Veal Loin","Veal, loin, separable lean only, raw","Protein","veal"
"veal-rib","Veal Rib","Veal, rib, separable lean only, raw","Protein","veal"
"veal-shoulder","Veal Shoulder","Veal, shoulder, arm, separable lean and fat, raw","Protein","veal"
"veal-shoulder-protein","Veal Shoulder","Veal, shoulder, blade chop, separable lean and fat, raw","Protein","veal"
"veal-sirloin","Veal Sirloin","Veal, sirloin, separable lean only, raw","Protein","veal"
"game-meat-bear","Game Meat Bear","Game meat, bear, raw","Protein",""
"game-meat-caribou","Game Meat Caribou","Game meat, caribou, raw","Protein",""
"game-meat-deer-protein","Game Meat Deer","Game meat, deer, raw","Protein",""
"bologna-pork","Bologna Pork","Bologna, pork","Protein","pork"
"bologna-turkey","Bologna Turkey","Bologna, turkey","Protein","turkey"
"chicken-spread","Chicken Spread","Chicken spread","Protein","chicken"
"sausage-pork","Sausage Pork","Sausage, pork, chorizo, link or ground, raw","Protein","pork"
"corned-beef-loaf-jellied","Corned Beef Loaf Jellied","Corned beef loaf, jellied","Protein","beef"
"dutch-brand-loaf-chicken","Dutch Brand Loaf Chicken","Dutch brand loaf, chicken, pork and beef","Protein","chicken"
"ham-minced","Ham Minced","Ham, minced","Protein","pork"
"ham-salad-spread","Ham Salad Spread","Ham salad spread","Protein","pork"
"knackwurst-knockwurst","Knackwurst Knockwurst","Knackwurst, knockwurst, pork, beef","Protein",""
"lebanon-bologna-beef","Lebanon Bologna Beef","Lebanon bologna, beef","Protein","beef"
"liver-cheese-pork","Liver Cheese Pork","Liver cheese, pork","Protein","pork"
"liver-sausage-liverwurst","Liver Sausage Liverwurst","Liver sausage, liverwurst, pork","Protein",""
"bologna-chicken-protein","Bologna Chicken","Bologna, chicken, pork, beef","Protein","chicken"
"chicken-breast-deli","Chicken Breast Deli","Chicken breast, deli, rotisserie seasoned, sliced, prepackaged","Protein","chicken"
"frankfurter-meat-and-poultry-protein","Frankfurter Meat and Poultry","Frankfurter, meat and poultry, unheated","Protein",""
"sausage-chicken-or-turkey","Sausage Chicken or Turkey","Sausage, chicken or turkey, Italian style,  lower sodium","Protein","chicken"
"sausage-pork-protein","Sausage Pork","Sausage, pork, turkey, and beef, reduced sodium","Protein","pork"
"quaker-corn-grits-cereals-grains-and-cereals","Quaker Corn Grits Cereals","Cereals, QUAKER, corn grits, instant, cheddar cheese flavor, dry","Grains & Cereals",""
"cream-of-rice-dry-cereals","Cream of Rice Dry Cereals","Cereals, CREAM OF RICE, dry","Grains & Cereals",""
"cream-of-wheat-10-minute-cooking-cereals","Cream of Wheat 10 Minute Cooking Cereals","Cereals, CREAM OF WHEAT, regular, 10 minute cooking, dry","Grains & Cereals",""
"cream-of-wheat-instant-cereals-grains-and-cereals","Cream of Wheat Instant Cereals","Cereals, CREAM OF WHEAT, instant, prepared with water, without salt","Grains & Cereals",""
"malt-o-meal-original-cereals","Malt-O-Meal Original Cereals","Cereals, MALT-O-MEAL, original, plain, dry","Grains & Cereals",""
"oats-regular-and-quick-cereals","Oats Regular and Quick Cereals","Cereals, oats, regular and quick, not fortified, dry","Grains & Cereals",""
"farina-unenriched-cereals","Farina Unenriched Cereals","Cereals, farina, unenriched, dry","Grains & Cereals",""
"canned-apples","Canned Apples","Apples, canned, sweetened, sliced, drained, heated","Produce","apple"
"dehydrated-low-moisture-apples","Dehydrated (Low Moisture) Apples","Apples, dehydrated (low moisture), sulfured, uncooked","Produce","apple"
"frozen-apples-produce","Frozen Apples","Apples, frozen, unsweetened, heated (Includes foods for USDA's Food Distribution Program)","Produce","apple"
"canned-or-bottled-apple-juice-produce","Canned or Bottled Apple Juice","Apple juice, canned or bottled, unsweetened, without added ascorbic acid","Produce","apple"
"dried-apricots","Dried Apricots","Apricots, dried, sulfured, uncooked","Produce",""
"dried-apricots-produce","Dried Apricots","Apricots, dried, sulfured, stewed, without added sugar","Produce",""
"dehydrated-bananas","Dehydrated Bananas","Bananas, dehydrated, or banana powder","Produce",""
"blackberries","Blackberries","Blackberries, raw","Produce",""
"canned-blackberry-juice","Canned Blackberry Juice","Blackberry juice, canned","Produce",""
"canned-blueberries-produce","Canned Blueberries","Blueberries, canned, heavy syrup, solids and liquids","Produce",""
"wild-blueberries-produce","Wild Blueberries","Blueberries, wild, frozen (Includes foods for USDA's Food Distribution Program)","Produce",""
"frozen-blueberries","Frozen Blueberries","Blueberries, frozen, unsweetened (Includes foods for USDA's Food Distribution Program)","Produce",""
"frozen-blueberries-produce","Frozen Blueberries","Blueberries, frozen, sweetened","Produce",""
"carissa","Carissa","Carissa, (natal-plum), raw","Produce",""
"cherimoya","Cherimoya","Cherimoya, raw","Produce",""
"canned-cranberry-sauce","Canned Cranberry Sauce","Cranberry sauce, canned, sweetened","Produce",""
"canned-cranberry-orange-relish","Canned Cranberry-Orange Relish","Cranberry-orange relish, canned","Produce",""
"european-black-currants","European Black Currants","Currants, european black, raw","Produce",""
"red-and-white-currants","Red and White Currants","Currants, red and white, raw","Produce",""
"beef-75-lean-meat-25-fat","Beef 75% Lean Meat / 25% Fat","Beef, ground, 75% lean meat / 25% fat, raw","Protein","beef"
"sweet-and-sour-ready-to-serve-sauce","Sweet and Sour Ready-To-Serve Sauce","Sauce, sweet and sour, ready-to-serve","Condiments & Sauces",""
"cocktail-ready-to-serve-sauce","Cocktail Ready-To-Serve Sauce","Sauce, cocktail, ready-to-serve","Condiments & Sauces",""
"salsa-con-queso-cheese-and-salsa-medium-dip","Salsa Con Queso Cheese and Salsa- Medium Dip","Dip, salsa con queso, cheese and salsa- medium","Condiments & Sauces",""
"tostitos-salsa-con-queso-dip","Tostitos Salsa Con Queso Dip","Dip, TOSTITOS, salsa con queso, medium","Condiments & Sauces",""
"peanut-made-from-peanut-butter-sauce","Peanut Made From Peanut Butter Sauce","Sauce, peanut, made from peanut butter, water, soy sauce","Condiments & Sauces",""
"heinz-home-style-classic-chicken-gravy","Heinz Home Style Classic Chicken Gravy","Gravy, HEINZ Home Style, classic chicken","Condiments & Sauces",""
"enchilada-red-sauce","Enchilada Red Sauce","Sauce, enchilada, red, mild, ready to serve","Condiments & Sauces",""
"ready-to-bake-or-fry-whole-wheat-tortillas","Ready-To-Bake or -Fry Whole Wheat Tortillas","Tortillas, ready-to-bake or -fry, whole wheat","Baking Supplies",""
"kiwi-strawberry-juice-drink","Kiwi Strawberry Juice Drink","Beverages, Kiwi Strawberry Juice Drink","Beverages",""
"light-fortified-with-vitamin-c-apple-juice-drink","Light Fortified with Vitamin C Apple Juice Drink","Beverages, Apple juice drink, light, fortified with vitamin C","Beverages",""
"zero-mixed-berry-powerade","Zero Mixed Berry Powerade","Beverages, POWERADE, Zero, Mixed Berry","Beverages",""
"powder-carob-flavor-beverage-mix","Powder Carob-Flavor Beverage Mix","Beverages, Carob-flavor beverage mix, powder","Beverages",""
"powder-prepared-with-whole-milk-carob-flavor-beverage-mix","Powder Prepared with Whole Milk Carob-Flavor Beverage Mix","Beverages, Carob-flavor beverage mix, powder, prepared with whole milk","Beverages",""
"sweetened-fortified-with-calcium-coconut-milk","Sweetened Fortified with Calcium Coconut Milk","Beverages, coconut milk, sweetened, fortified with calcium, vitamins A, B12, D2","Beverages",""
"chocolate-syrup","Chocolate Syrup","Beverages, chocolate syrup","Beverages",""
"prepared-with-whole-milk-chocolate-syrup","Prepared with Whole Milk Chocolate Syrup","Beverages, chocolate syrup, prepared with whole milk","Beverages",""
"oolong-brewed-tea","Oolong Brewed Tea","Beverages, tea, Oolong, brewed","Beverages",""
"powder-cocoa-mix","Powder Cocoa Mix","Beverages, Cocoa mix, powder","Beverages",""
"powder-prepared-with-water-cocoa-mix","Powder Prepared with Water Cocoa Mix","Beverages, Cocoa mix, powder, prepared with water","Beverages",""
"nestle-hot-cocoa-mix-rich-chocolate-with-marshmallows-cocoa-mix","Nestle Hot Cocoa Mix Rich Chocolate with Marshmallows Cocoa Mix","Beverages, Cocoa mix, NESTLE, Hot Cocoa Mix Rich Chocolate With Marshmallows","Beverages",""
"brewed-espresso-coffee-beverages","Brewed Espresso Coffee","Beverages, coffee, brewed, espresso, restaurant-prepared, decaffeinated","Beverages",""
"instant-half-the-caffeine-coffee","Instant Half The Caffeine Coffee","Beverages, coffee, instant, regular, half the caffeine","Beverages",""
"instant-decaffeinated-coffee-and-cocoa","Instant Decaffeinated Coffee and Cocoa","Beverages, coffee and cocoa, instant, decaffeinated, with whitener and low calorie sweetener","Beverages",""
"instant-prepared-with-water-coffee","Instant Prepared with Water Coffee","Beverages, coffee, instant, regular, prepared with water","Beverages",""
"fortified-with-vitamin-c-aloe-vera-juice-drink","Fortified with Vitamin C Aloe Vera Juice Drink","Beverages, aloe vera juice drink, fortified with Vitamin C","Beverages",""
"cran-grape-ocean-spray","Cran Grape Ocean Spray","Beverages, OCEAN SPRAY, Cran Grape","Beverages",""
"instant-decaffeinated-coffee-beverages","Instant Decaffeinated Coffee","Beverages, coffee, instant, decaffeinated, powder","Beverages",""
"instant-chicory-coffee","Instant Chicory Coffee","Beverages, coffee, instant, chicory","Beverages",""
"instant-mocha-coffee","Instant Mocha Coffee","Beverages, coffee, instant, mocha, sweetened","Beverages",""
"light-cranberry-and-raspberry-flavored-juice-ocean-spray","Light Cranberry and Raspberry Flavored Juice Ocean Spray","Beverages, OCEAN SPRAY, Light Cranberry and Raspberry Flavored Juice","Beverages",""
"white-cranberry-strawberry-flavored-juice-drink-ocean-spray","White Cranberry Strawberry Flavored Juice Drink Ocean Spray","Beverages, OCEAN SPRAY, White Cranberry Strawberry Flavored Juice Drink","Beverages",""
"cereal-grain-beverage-powder-coffee-substitute-beverages","Cereal Grain Beverage Powder Coffee Substitute","Beverages, coffee substitute, cereal grain beverage, powder","Beverages",""
"cereal-grain-beverage-prepared-with-water-coffee-substitute","Cereal Grain Beverage Prepared with Water Coffee Substitute","Beverages, coffee substitute, cereal grain beverage, prepared with water","Beverages",""
"bottled-cranberry-apple-juice-drink","Bottled Cranberry-Apple Juice Drink","Beverages, cranberry-apple juice drink, bottled","Beverages",""
"malt-beer-hard-lemonade-alcoholic-beverage","Malt Beer Hard Lemonade Alcoholic Beverage","Alcoholic beverage, malt beer, hard lemonade","Beverages",""
"bottled-cranberry-apricot-juice-drink","Bottled Cranberry-Apricot Juice Drink","Beverages, cranberry-apricot juice drink, bottled","Beverages",""
"green-instant-tea","Green Instant Tea","Beverages, tea, green, instant, decaffeinated, lemon, unsweetened, fortified with vitamin C","Beverages",""
"hard-cider-amber","Hard Cider Amber","Beverages, AMBER, hard cider","Beverages",""
"cran-cherry-ocean-spray","Cran Cherry Ocean Spray","Beverages, OCEAN SPRAY, Cran Cherry","Beverages",""
"light-cranberry-ocean-spray","Light Cranberry Ocean Spray","Beverages, OCEAN SPRAY, Light Cranberry","Beverages",""
"white-cranberry-peach-ocean-spray","White Cranberry Peach Ocean Spray","Beverages, OCEAN SPRAY, White Cranberry Peach","Beverages",""
"light-cranberry-concord-grape-ocean-spray","Light Cranberry Concord Grape Ocean Spray","Beverages, OCEAN SPRAY, Light Cranberry, Concord Grape","Beverages",""
"with-added-nutrients-canned-fruit-punch-drink","With Added Nutrients Canned Fruit Punch Drink","Beverages, Fruit punch drink, with added nutrients, canned","Beverages",""
"frozen-concentrate-fruit-punch-drink","Frozen Concentrate Fruit Punch Drink","Beverages, Fruit punch drink, frozen concentrate","Beverages",""
"frozen-concentrate-prepared-with-water-fruit-punch-drink","Frozen Concentrate Prepared with Water Fruit Punch Drink","Beverages, Fruit punch drink, frozen concentrate, prepared with water","Beverages",""
"instant-vanilla-coffee","Instant Vanilla Coffee","Beverages, coffee, instant, vanilla, sweetened, decaffeinated, with non dairy creamer","Beverages",""
"black-brewed-tea-beverages","Black Brewed Tea","Beverages, tea, black, brewed, prepared with distilled water","Beverages",""
"herb-brewed-tea","Herb Brewed Tea","Beverages, tea, herb, brewed, chamomile","Beverages",""
"non-alcoholic-wine","Non-Alcoholic Wine","Beverages, Wine, non-alcoholic","Beverages",""
"bottled-generic-water","Bottled Generic Water","Water, bottled, generic","Beverages",""
"powder-with-added-nutrients-chocolate-flavor-beverage-mix-for-milk","Powder with Added Nutrients Chocolate-Flavor Beverage Mix For Milk","Beverages, chocolate-flavor beverage mix for milk, powder, with added nutrients","Beverages",""
"powder-with-added-nutrients-chocolate-flavor-beverage-mix-for-milk-beverages","Powder with Added Nutrients Chocolate-Flavor Beverage Mix For Milk","Beverages, chocolate-flavor beverage mix for milk, powder, with added nutrients, prepared with whole milk","Beverages",""
"bottles-sweetened-water-with-added-vitamins-and-minerals","Bottles Sweetened Water with Added Vitamins and Minerals","Beverages, Water with added vitamins and minerals, bottles, sweetened, assorted fruit flavors","Beverages",""
"diet-berry-blend-v8-splash-juice-drinks","Diet Berry Blend V8 Splash Juice Drinks","Beverages, V8 SPLASH Juice Drinks, Diet Berry Blend","Beverages",""
"diet-fruit-medley-v8-splash-juice-drinks","Diet Fruit Medley V8 Splash Juice Drinks","Beverages, V8 SPLASH Juice Drinks, Diet Fruit Medley","Beverages",""
"diet-strawberry-kiwi-v8-splash-juice-drinks","Diet Strawberry Kiwi V8 Splash Juice Drinks","Beverages, V8 SPLASH Juice Drinks, Diet Strawberry Kiwi","Beverages",""
"mango-peach-v8-splash-juice-drinks","Mango Peach V8 Splash Juice Drinks","Beverages, V8 SPLASH Juice Drinks, Mango Peach","Beverages",""
"orange-pineapple-v8-splash-juice-drinks","Orange Pineapple V8 Splash Juice Drinks","Beverages, V8 SPLASH Juice Drinks, Orange Pineapple","Beverages",""
"orchard-blend-v8-splash-juice-drinks","Orchard Blend V8 Splash Juice Drinks","Beverages, V8 SPLASH Juice Drinks, Orchard Blend","Beverages",""
"strawberry-banana-v8-splash-juice-drinks","Strawberry Banana V8 Splash Juice Drinks","Beverages, V8 SPLASH Juice Drinks, Strawberry Banana","Beverages",""
"tropical-v8-v-fusion-juices","Tropical V8 V-Fusion Juices","Beverages, V8 V-FUSION Juices, Tropical","Beverages",""
"acai-berry-v8-v-fusion-juices","Acai Berry V8 V- Fusion Juices","Beverages, V8 V- FUSION Juices, Acai Berry","Beverages",""
"reduced-calorie-with-low-calorie-sweetener-vegetable-and-fruit-juice-drink","Reduced Calorie with Low-Calorie Sweetener Vegetable and Fruit Juice Drink","Beverages, Vegetable and fruit juice drink, reduced calorie, with low-calorie sweetener, added vitamin C","Beverages",""
"100-juice-with-added-vitamins-a-vegetable-and-fruit-juice-blend","100% Juice with Added Vitamins A Vegetable and Fruit Juice Blend","Beverages, vegetable and fruit juice blend, 100% juice, with added vitamins A, C, E","Beverages",""
"reduced-sugar-with-vitamin-e-added-fruit-juice-drink","Reduced Sugar with Vitamin E Added Fruit Juice Drink","Beverages, fruit juice drink, reduced sugar, with vitamin E added","Beverages",""
"gatorade-g2-low-calorie-pepsico-quaker","Gatorade G2 Low Calorie Pepsico Quaker","Beverages, PEPSICO QUAKER, Gatorade G2, low calorie","Beverages",""
"less-than-3-juice-not-fortified-with-vitamin-c-fruit-flavored-drink","Less Than 3% Juice Not Fortified with Vitamin C Fruit Flavored Drink","Beverages, Fruit flavored drink, less than 3% juice, not fortified with vitamin C","Beverages",""
"with-high-vitamin-c-fruit-flavored-drink-containing-less-than-3-fruit-juice","With High Vitamin C Fruit Flavored Drink Containing Less Than 3% Fruit Juice","Beverages, Fruit flavored drink containing less than 3% fruit juice, with high vitamin C","Beverages",""
"high-protein-powder-nutritional-shake-mix","High Protein Powder Nutritional Shake Mix","Beverages, nutritional shake mix, high protein, powder","Beverages",""
"fish-anchovy","Fish Anchovy","Fish, anchovy, european, raw","Protein","anchovy"
"fish-anchovy-protein","Fish Anchovy","Fish, anchovy, european, canned in oil, drained solids","Protein","anchovy"
"fish-bass-protein","Fish Bass","Fish, bass, fresh water, mixed species, raw","Protein","bass"
"fish-catfish-protein","Fish Catfish","Fish, catfish, channel, wild, raw","Protein","catfish"
"fish-caviar","Fish Caviar","Fish, caviar, black and red, granular","Protein",""
"fish-croaker","Fish Croaker","Fish, croaker, Atlantic, raw","Protein",""
"fish-eel","Fish Eel","Fish, eel, mixed species, raw","Protein",""
"fish-fish-sticks","Fish Fish Sticks","Fish, fish sticks, frozen, prepared","Protein",""
"fish-flatfish-flounder-and-sole-species","Fish Flatfish (Flounder and Sole Species)","Fish, flatfish (flounder and sole species), raw","Protein",""
"fish-halibut-protein","Fish Halibut","Fish, halibut, Atlantic and Pacific, raw","Protein","halibut"
"crustaceans-crayfish","Crustaceans Crayfish","Crustaceans, crayfish, mixed species, wild, raw","Protein",""
"crustaceans-lobster","Crustaceans Lobster","Crustaceans, lobster, northern, raw","Protein","lobster"
"crustaceans-spiny-lobster","Crustaceans Spiny Lobster","Crustaceans, spiny lobster, mixed species, raw","Protein","lobster"
"mollusks-abalone","Mollusks Abalone","Mollusks, abalone, mixed species, raw","Protein",""
"mollusks-cuttlefish","Mollusks Cuttlefish","Mollusks, cuttlefish, mixed species, raw","Protein",""
"mollusks-mussel","Mollusks Mussel","Mollusks, mussel, blue, raw","Protein","mussel"
"mollusks-octopus","Mollusks Octopus","Mollusks, octopus, common, raw","Protein","octopus"
"mollusks-scallop","Mollusks Scallop","Mollusks, scallop, mixed species, raw","Protein","scallop"
"mollusks-scallop-protein","Mollusks Scallop","Mollusks, scallop, mixed species, imitation, made from surimi","Protein","scallop"
"mollusks-squid","Mollusks Squid","Mollusks, squid, mixed species, raw","Protein","squid"
"large-lima-beans","Large Lima Beans","Lima beans, large, mature seeds, raw","Produce","bean"
"large-canned-lima-beans","Large Canned Lima Beans","Lima beans, large, mature seeds, canned","Produce","bean"
"thin-seeded-baby-lima-beans","Thin Seeded (Baby) Lima Beans","Lima beans, thin seeded (baby), mature seeds, raw","Produce","bean"
"mung-beans-produce","Mung Beans","Mung beans, mature seeds, raw","Produce","bean"
"chinese-cellophane-or-long-rice-mung-beans-noodles","Chinese Cellophane or Long Rice (Mung Beans) Noodles","Noodles, chinese, cellophane or long rice (mung beans), dehydrated","Produce",""
"mungo-beans","Mungo Beans","Mungo beans, mature seeds, raw","Produce","bean"
"oil-roasted-with-salt-peanuts","Oil-Roasted with Salt Peanuts","Peanuts, all types, oil-roasted, with salt","Produce",""
"dry-roasted-with-salt-peanuts","Dry-Roasted with Salt Peanuts","Peanuts, all types, dry-roasted, with salt","Produce",""
"spanish-peanuts","Spanish Peanuts","Peanuts, spanish, raw","Produce",""
"virginia-oil-roasted-peanuts-produce","Virginia Oil-Roasted Peanuts","Peanuts, virginia, oil-roasted, with salt","Produce",""
"chunk-style-with-salt-peanut-butter","Chunk Style with Salt Peanut Butter","Peanut butter, chunk style, with salt","Produce",""
"defatted-peanut-flour","Defatted Peanut Flour","Peanut flour, defatted","Produce",""
"meat-extender","Meat Extender","Meat extender","Produce",""
"meatless-sausage","Meatless Sausage","Sausage, meatless","Produce",""
"soybeans","Soybeans","Soybeans, mature seeds, raw","Produce",""
"tempeh","Tempeh","Tempeh","Produce",""
"soy-protein-isolate","Soy Protein Isolate","Soy protein isolate","Produce",""
"soy-sauce-made-from-soy-and-wheat-shoyu","Soy Sauce Made From Soy and Wheat (Shoyu)","Soy sauce made from soy and wheat (shoyu)","Produce",""
"soy-sauce-made-from-soy-tamari","Soy Sauce Made From Soy (Tamari)","Soy sauce made from soy (tamari)","Produce",""
"soy-sauce-made-from-hydrolyzed-vegetable-protein","Soy Sauce Made From Hydrolyzed Vegetable Protein","Soy sauce made from hydrolyzed vegetable protein","Produce",""
"salted-and-fermented-fuyu-tofu","Salted and Fermented (Fuyu) Tofu","Tofu, salted and fermented (fuyu)","Produce",""
"yardlong-beans","Yardlong Beans","Yardlong beans, mature seeds, raw","Produce","bean"
"winged-beans","Winged Beans","Winged beans, mature seeds, raw","Produce","bean"
"pink-or-red-lentils","Pink or Red Lentils","Lentils, pink or red, raw","Produce","lentil"
"kidney-red-beans-produce","Kidney Red Beans","Beans, kidney, red, mature seeds, canned, drained solids","Produce","bean"
"veggie-burgers-or-soyburgers","Veggie Burgers or Soyburgers","Veggie burgers or soyburgers, unprepared","Produce",""
"chickpea-flour-besan","Chickpea Flour (Besan)","Chickpea flour (besan)","Produce","chickpea"
"extra-firm-prepared-with-nigari-tofu","Extra Firm Prepared with Nigari Tofu","Tofu, extra firm, prepared with nigari","Produce",""
"hard-prepared-with-nigari-tofu","Hard Prepared with Nigari Tofu","Tofu, hard, prepared with nigari","Produce",""
"chocolate-unfortified-soymilk","Chocolate Unfortified Soymilk","Soymilk, chocolate, unfortified","Produce",""
"smooth-includes-foods-for-usdas-food-distribution-program-peanut-butter","Smooth (Includes Foods For Usda's Food Distribution Program) Peanut Butter","Peanut Butter, smooth (Includes foods for USDA's Food Distribution Program)","Produce",""
"chocolate-with-added-calcium-soymilk","Chocolate with Added Calcium Soymilk","Soymilk, chocolate, with added calcium, vitamins A and D","Produce",""
"canned-vegetarian-refried-beans","Canned Vegetarian Refried Beans","Refried beans, canned, vegetarian","Produce","bean"
"organic-nasoya-super-firm-cubed-tofu-vitasoy-usa","Organic Nasoya Super Firm Cubed Tofu Vitasoy Usa","Vitasoy USA, Organic Nasoya Super Firm Cubed Tofu","Produce",""
"canned-traditional-refried-beans","Canned Traditional Refried Beans","Refried beans, canned, traditional, reduced sodium","Produce","bean"
"roasted-no-salt-added-soybeans","Roasted No Salt Added Soybeans","Soybeans, mature seeds, roasted, no salt added","Produce",""
"produced-by-acid-wash-soy-protein-concentrate","Produced By Acid Wash Soy Protein Concentrate","Soy protein concentrate, produced by acid wash","Produce",""
"potassium-type-soy-protein-isolate","Potassium Type Soy Protein Isolate","Soy protein isolate, potassium type","Produce",""
"dried-frozen-koyadofu-prepared-with-calcium-sulfate-tofu","Dried-Frozen (Koyadofu) Prepared with Calcium Sulfate Tofu","Tofu, dried-frozen (koyadofu), prepared with calcium sulfate","Produce",""
"salted-and-fermented-fuyu-prepared-with-calcium-sulfate-tofu","Salted and Fermented (Fuyu) Prepared with Calcium Sulfate Tofu","Tofu, salted and fermented (fuyu), prepared with calcium sulfate","Produce",""
"lamb-rib-protein","Lamb Rib","Lamb, rib, separable lean and fat, trimmed to 1/4"" fat, choice, raw","Protein","lamb"
"game-meat-moose","Game Meat Moose","Game meat, moose, raw","Protein",""
"game-meat-rabbit-protein","Game Meat Rabbit","Game meat, rabbit, wild, raw","Protein",""
"lamb","Lamb","Lamb, ground, raw","Protein","lamb"
"veal-breast","Veal Breast","Veal, breast, whole, boneless, separable lean and fat, raw","Protein","veal"
"game-meat-elk","Game Meat Elk","Game meat, elk, ground, raw","Protein",""
"duck-wild","Duck Wild","Duck, wild, meat and skin, raw","Protein","duck"
"duck-wild-protein","Duck Wild","Duck, wild, breast, meat only, raw","Protein","duck"
"goose-domesticated-protein","Goose Domesticated","Goose, domesticated, meat and skin, raw","Protein",""
"guinea-hen-protein","Guinea Hen","Guinea hen, meat only, raw","Protein",""
"pheasant","Pheasant","Pheasant, raw, meat and skin","Protein",""
"pheasant-protein","Pheasant","Pheasant, raw, meat only","Protein",""
"pheasant-breast","Pheasant Breast","Pheasant, breast, meat only, raw","Protein",""
"squab-protein","Squab","Squab, (pigeon), meat and skin, raw","Protein",""
"emu-fan-fillet","Emu Fan Fillet","Emu, fan fillet, raw","Protein",""
"emu-flat-fillet","Emu Flat Fillet","Emu, flat fillet, raw","Protein",""
"emu-full-rump","Emu Full Rump","Emu, full rump, raw","Protein",""
"ostrich","Ostrich","Ostrich, ground, raw","Protein",""
"ostrich-fan","Ostrich Fan","Ostrich, fan, raw","Protein",""
"ostrich-outside-leg","Ostrich Outside Leg","Ostrich, outside leg, raw","Protein",""
"ostrich-outside-strip","Ostrich Outside Strip","Ostrich, outside strip, raw","Protein",""
"ostrich-oyster","Ostrich Oyster","Ostrich, oyster, raw","Protein","oyster"
"ostrich-top-loin","Ostrich Top Loin","Ostrich, top loin, raw","Protein",""
"turkey-85-lean","Turkey 85% Lean","Turkey, ground, 85% lean, 15% fat, raw","Protein","turkey"
"chicken-skin-drumsticks-and-thighs-protein","Chicken Skin (Drumsticks and Thighs)","Chicken, skin (drumsticks and thighs), with added solution, raw","Protein","chicken"
"turkey-dark-meat-from-whole","Turkey Dark Meat From Whole","Turkey, dark meat from whole, meat only, with added solution, raw","Protein","turkey"
"turkey-dark-meat-from-whole-protein","Turkey Dark Meat From Whole","Turkey, dark meat from whole, meat and skin, with added solution, raw","Protein","turkey"
"turkey-from-whole-with-added-solution-protein","Turkey From Whole with Added Solution","Turkey from whole, light meat, meat and skin, with added solution, raw","Protein","turkey"
"turkey-back-protein","Turkey Back","Turkey, back, from whole bird, meat only, with added solution, raw","Protein","turkey"
"barbecue-sauce","Barbecue Sauce","Sauce, barbecue","Condiments & Sauces",""
"homemade-white-sauce","Homemade White Sauce","Sauce, homemade, white, medium","Condiments & Sauces",""
"homemade-white-sauce-condiments-and-sauces","Homemade White Sauce","Sauce, homemade, white, thick","Condiments & Sauces",""
"ready-to-serve-pepper-or-hot-sauce","Ready-To-Serve Pepper or Hot Sauce","Sauce, ready-to-serve, pepper or hot","Condiments & Sauces",""
"ready-to-serve-pepper-sauce","Ready-To-Serve Pepper Sauce","Sauce, ready-to-serve, pepper, TABASCO","Condiments & Sauces",""
"oyster-ready-to-serve-sauce","Oyster Ready-To-Serve Sauce","Sauce, oyster, ready-to-serve","Condiments & Sauces",""
"fish-ready-to-serve-sauce","Fish Ready-To-Serve Sauce","Sauce, fish, ready-to-serve","Condiments & Sauces",""
"chicken-broth-ready-to-serve-soup","Chicken Broth Ready-To-Serve Soup","Soup, chicken broth, ready-to-serve","Condiments & Sauces",""
"white-thin-sauce","White Thin Sauce","Sauce, white, thin, prepared-from-recipe, with butter","Condiments & Sauces",""
"sweet-and-sour-prepared-from-recipe-sauce","Sweet and Sour Prepared-From-Recipe Sauce","Sauce, sweet and sour, prepared-from-recipe","Condiments & Sauces",""
"barbecue-kraft-sauce","Barbecue Kraft Sauce","Sauce, barbecue, KRAFT, original","Condiments & Sauces",""
"chicken-broth-canned-soup-condiments-and-sauces","Chicken Broth Canned Soup","Soup, chicken broth, canned, prepared with equal volume water","Condiments & Sauces",""
"beef-broth-bouillon-soup","Beef Broth Bouillon Soup","Soup, beef broth, bouillon, consomme, prepared with equal volume water","Condiments & Sauces",""
"mushroom-with-beef-stock-canned-soup-condiments-and-sauces","Mushroom with Beef Stock Canned Soup","Soup, mushroom with beef stock, canned, prepared with equal volume water","Condiments & Sauces",""
"chicken-broth-cubes-dry-soup-condiments-and-sauces","Chicken Broth Cubes Dry Soup","Soup, chicken broth cubes, dry, prepared with water","Condiments & Sauces",""
"roast-beef-deli-style","Roast Beef Deli Style","Roast beef, deli style, prepackaged, sliced","Protein","beef"
"luncheon-meat-pork-protein","Luncheon Meat Pork","Luncheon meat, pork, canned","Protein","pork"
"turkey-breast-low-salt","Turkey Breast Low Salt","Turkey breast, low salt, prepackaged or deli, luncheon meat","Protein","turkey"
"mortadella-beef","Mortadella Beef","Mortadella, beef, pork","Protein","beef"
"peppered-loaf-pork","Peppered Loaf Pork","Peppered loaf, pork, beef","Protein","pork"
"pepperoni-beef-and-pork","Pepperoni Beef and Pork","Pepperoni, beef and pork, sliced","Protein","beef"
"pickle-and-pimiento-loaf-pork","Pickle and Pimiento Loaf Pork","Pickle and pimiento loaf, pork","Protein","pork"
"polish-sausage-pork","Polish Sausage Pork","Polish sausage, pork","Protein","pork"
"salami-dry-or-hard-protein","Salami Dry or Hard","Salami, dry or hard, pork, beef","Protein",""
"luncheon-sausage-pork-and-beef","Luncheon Sausage Pork and Beef","Luncheon sausage, pork and beef","Protein","pork"
"sausage-new-england-brand","Sausage New England Brand","Sausage, New england brand, pork, beef","Protein",""
"oscar-mayer-bologna-beef","Oscar Mayer Bologna (Beef)","Oscar Mayer, Bologna (beef)","Protein",""
"oscar-mayer-smokies-sausage-little-cheese-pork","Oscar Mayer Smokies Sausage Little Cheese (Pork","Oscar Mayer, Smokies Sausage Little Cheese (pork, turkey)","Protein",""
"oscar-mayer-wieners-beef-franks","Oscar Mayer Wieners (Beef Franks)","Oscar Mayer, Wieners (beef franks)","Protein",""
"bacon-turkey-protein","Bacon Turkey","Bacon, turkey, unprepared","Protein","pork"
"hormel-pillow-pak-sliced-turkey-pepperoni","Hormel Pillow Pak Sliced Turkey Pepperoni","Hormel Pillow Pak Sliced Turkey Pepperoni","Protein","turkey"
"luncheon-meat-pork-and-chicken","Luncheon Meat Pork and Chicken","Luncheon meat, pork and chicken, minced, canned, includes Spam Lite","Protein","pork"
"liverwurst-spread","Liverwurst Spread","Liverwurst spread","Protein",""
"roast-beef-spread","Roast Beef Spread","Roast beef spread","Protein","beef"
"salami-pork","Salami Pork","Salami, pork, beef, less sodium","Protein","pork"
"sausage-summer","Sausage Summer","Sausage, summer, pork and beef, sticks, with cheddar cheese","Protein",""
"bacon-and-beef-sticks","Bacon and Beef Sticks","Bacon and beef sticks","Protein","pork"
"salami-italian-protein","Salami Italian","Salami, Italian, pork","Protein",""
"bologna-pork-and-turkey","Bologna Pork and Turkey","Bologna, pork and turkey, lite","Protein","pork"
"bologna-pork-protein","Bologna Pork","Bologna, pork, turkey and beef","Protein","pork"
"turkey-white","Turkey White","Turkey, white, rotisserie, deli cut","Protein","turkey"
"frankfurter-meat-protein","Frankfurter Meat","Frankfurter, meat, heated","Protein",""
"sausage-turkey-protein","Sausage Turkey","Sausage, turkey, fresh, raw","Protein","turkey"
"quaker-oat-bran-cereals","Quaker Oat Bran Cereals","Cereals, QUAKER, Oat Bran, QUAKER/MOTHER'S Oat Bran, dry","Grains & Cereals",""
"quaker-hominy-grits-cereals","Quaker Hominy Grits Cereals","Cereals, QUAKER, hominy grits, white, quick, dry","Grains & Cereals",""
"quaker-hominy-grits-cereals-grains-and-cereals","Quaker Hominy Grits Cereals","Cereals, QUAKER, hominy grits, white, regular, dry","Grains & Cereals",""
"quaker-quick-oats-with-iron-cereals","Quaker Quick Oats with Iron Cereals","Cereals, QUAKER, Quick Oats with Iron, Dry","Grains & Cereals",""
"quaker-whole-wheat-natural-cereal-cereals","Quaker Whole Wheat Natural Cereal Cereals","Cereals, QUAKER, Whole Wheat Natural Cereal, dry","Grains & Cereals",""
"cream-of-wheat-2-12-minute-cook-time-cereals","Cream of Wheat 2 1/2 Minute Cook Time Cereals","Cereals, CREAM OF WHEAT, 2 1/2 minute cook time, dry","Grains & Cereals",""
"dried-figs-produce","Dried Figs","Figs, dried, stewed","Produce",""
"canned-fruit-salad","Canned Fruit Salad","Fruit salad, (peach and pear and apricot and pineapple and cherry), canned, water pack, solids and liquids","Produce",""
"canned-fruit-salad-produce","Canned Fruit Salad","Fruit salad, (peach and pear and apricot and pineapple and cherry), canned, juice pack, solids and liquids","Produce",""
"pink-and-red-grapefruit","Pink and Red Grapefruit","Grapefruit, raw, pink and red, all areas","Produce",""
"pink-and-red-grapefruit-produce","Pink and Red Grapefruit","Grapefruit, raw, pink and red, California and Arizona","Produce",""
"white-grapefruit-produce","White Grapefruit","Grapefruit, raw, white, all areas","Produce",""
"american-type-slip-skin-grapes","American Type (Slip Skin) Grapes","Grapes, american type (slip skin), raw","Produce","grape"
"red-or-green-european-type-grapes","Red or Green (European Type Grapes","Grapes, red or green (European type, such as Thompson seedless), raw","Produce","grape"
"canned-grapes","Canned Grapes","Grapes, canned, thompson seedless, water pack, solids and liquids","Produce","grape"
"canned-grapes-produce","Canned Grapes","Grapes, canned, thompson seedless, heavy syrup pack, solids and liquids","Produce","grape"
"jackfruit","Jackfruit","Jackfruit, raw","Produce",""
"beef-ribeye-petite-roastfilet","Beef Ribeye Petite Roast/Filet","Beef, ribeye  petite roast/filet, boneless, separable lean only, trimmed to 0"" fat, all grades, raw","Protein","beef"
"beef-ribeye-petite-roastfilet-protein","Beef Ribeye Petite Roast/Filet","Beef, ribeye  petite roast/filet, boneless, separable lean only, trimmed to 0"" fat, choice, raw","Protein","beef"
"beef-ribeye-cap-steak-protein","Beef Ribeye Cap Steak","Beef, ribeye cap steak, boneless, separable lean only, trimmed to 0"" fat, choice, raw","Protein","beef"
"whiskey-sour-canned-alcoholic-beverage","Whiskey Sour Canned Alcoholic Beverage","Alcoholic beverage, whiskey sour, canned","Beverages",""
"bottled-whiskey-sour-mix","Bottled Whiskey Sour Mix","Beverages, Whiskey sour mix, bottled","Beverages",""
"whiskey-sour-prepared-from-item-14028-alcoholic-beverage","Whiskey Sour Prepared From Item 14028 Alcoholic Beverage","Alcoholic beverage, whiskey sour, prepared from item 14028","Beverages",""
"eas-soy-protein-powder-abbott","Eas Soy Protein Powder Abbott","Beverages, ABBOTT, EAS soy protein powder","Beverages",""
"cran-energy-cranberry-energy-juice-drink-ocean-spray","Cran-Energy Cranberry Energy Juice Drink Ocean Spray","Beverages, OCEAN SPRAY, Cran-Energy, Cranberry Energy Juice Drink","Beverages",""
"distilled-rum-alcoholic-beverage","Distilled Rum Alcoholic Beverage","Alcoholic beverage, distilled, rum, 80 proof","Beverages",""
"distilled-vodka-alcoholic-beverage","Distilled Vodka Alcoholic Beverage","Alcoholic beverage, distilled, vodka, 80 proof","Beverages",""
"distilled-whiskey-alcoholic-beverage","Distilled Whiskey Alcoholic Beverage","Alcoholic beverage, distilled, whiskey, 86 proof","Beverages",""
"no-sugar-added-chocolate-powder","No Sugar Added Chocolate Powder","Beverages, chocolate powder, no sugar added","Beverages",""
"cola-zevia","Cola Zevia","Beverages, ZEVIA, cola","Beverages",""
"cola-caffeine-free-zevia","Cola Caffeine Free Zevia","Beverages, ZEVIA, cola, caffeine free","Beverages",""
"gerolsteiner-naturally-sparkling-mineral-water-gerolsteiner-brunnen-gmbh-co-kg","Gerolsteiner Naturally Sparkling Mineral Water Gerolsteiner Brunnen Gmbh & Co. Kg","Beverages, GEROLSTEINER BRUNNEN GmbH & Co. KG,Gerolsteiner naturally sparkling mineral water,","Beverages",""
"yellow-green-colored-citrus-soft-drink-with-caffeine","Yellow Green Colored Citrus Soft Drink with Caffeine","Beverages, yellow green colored citrus soft drink with caffeine","Beverages",""
"strawberry-banana-v8-splash-smoothies","Strawberry Banana V8 Splash Smoothies","Beverages, V8 SPLASH Smoothies, Strawberry Banana","Beverages",""
"tropical-colada-v8-splash-smoothies","Tropical Colada V8 Splash Smoothies","Beverages, V8 SPLASH Smoothies, Tropical Colada","Beverages",""
"club-soda-carbonated","Club Soda Carbonated","Beverages, carbonated, club soda","Beverages",""
"ginger-ale-carbonated","Ginger Ale Carbonated","Beverages, carbonated, ginger ale","Beverages",""
"low-calorie-cola-or-pepper-type-carbonated","Low Calorie Cola or Pepper-Type Carbonated","Beverages, carbonated, low calorie, cola or pepper-type, with aspartame, without caffeine","Beverages",""
"cola-without-caffeine-carbonated","Cola Without Caffeine Carbonated","Beverages, carbonated, cola, without caffeine","Beverages",""
"cola-carbonated","Cola Carbonated","Beverages, carbonated, cola, regular","Beverages",""
"reduced-sugar-cola-carbonated","Reduced Sugar Cola Carbonated","Beverages, carbonated, reduced sugar, cola, contains caffeine and sweeteners","Beverages",""
"orange-carbonated","Orange Carbonated","Beverages, carbonated, orange","Beverages",""
"ruby-red-cranberry-ocean-spray","Ruby Red Cranberry Ocean Spray","Beverages, OCEAN SPRAY, Ruby Red cranberry","Beverages",""
"apple-juice-light-fortified-with-vitamin-c-motts","Apple Juice Light Fortified with Vitamin C Motts","Beverages, MOTTS, Apple juice light, fortified with vitamin C","Beverages",""
"powder-lemonade","Powder Lemonade","Beverages, Lemonade, powder","Beverages",""
"powder-prepared-with-water-lemonade","Powder Prepared with Water Lemonade","Lemonade, powder, prepared with water","Beverages",""
"powder-lemonade-flavor-drink","Powder Lemonade-Flavor Drink","Beverages, lemonade-flavor drink, powder","Beverages",""
"powder-prepared-with-water-lemonade-flavor-drink","Powder Prepared with Water Lemonade-Flavor Drink","Beverages, lemonade-flavor drink, powder, prepared with water","Beverages",""
"frozen-concentrate-prepared-with-water-limeade","Frozen Concentrate Prepared with Water Limeade","Limeade, frozen concentrate, prepared with water","Beverages",""
"includes-non-alcoholic-beer-malt-beverage","Includes Non-Alcoholic Beer Malt Beverage","Malt beverage, includes non-alcoholic beer","Beverages",""
"classic-malt-powder-ovaltine","Classic Malt Powder Ovaltine","Beverages, OVALTINE, Classic Malt powder","Beverages",""
"chocolate-with-added-nutrients-malted-drink-mix","Chocolate with Added Nutrients Malted Drink Mix","Beverages, Malted drink mix, chocolate, with added nutrients, powder, prepared with whole milk","Beverages",""
"chocolate-powder-malted-drink-mix","Chocolate Powder Malted Drink Mix","Beverages, malted drink mix, chocolate, powder","Beverages",""
"chocolate-powder-malted-drink-mix-beverages","Chocolate Powder Malted Drink Mix","Beverages, Malted drink mix, chocolate, powder, prepared with whole milk","Beverages",""
"canned-with-added-vitamin-c-orange-drink","Canned with Added Vitamin C Orange Drink","Beverages, orange drink, canned, with added vitamin C","Beverages",""
"powder-strawberry-flavor-beverage-mix","Powder Strawberry-Flavor Beverage Mix","Strawberry-flavor beverage mix, powder","Beverages",""
"powder-prepared-with-whole-milk-strawberry-flavor-beverage-mix","Powder Prepared with Whole Milk Strawberry-Flavor Beverage Mix","Beverages, Strawberry-flavor beverage mix, powder, prepared with whole milk","Beverages",""
"instant-unsweetened-tea-beverages","Instant Unsweetened Tea","Beverages, tea, instant, unsweetened, prepared with water","Beverages",""
"veal-external-fat-only","Veal External Fat Only","Veal, external fat only, raw","Protein","veal"
"veal-seam-fat-only","Veal Seam Fat Only","Veal, seam fat only, raw","Protein","veal"
"ready-to-bake-or-fry-corn-tortillas-baking-supplies","Ready-To-Bake or -Fry Corn Tortillas","Tortillas, ready-to-bake or -fry, corn","Baking Supplies",""
"mission-flour-tortillas-soft-taco-mission-foods","Mission Flour Tortillas Soft Taco Mission Foods","Mission Foods, Mission Flour Tortillas, Soft Taco, 8 inch","Baking Supplies",""
"game-meat-horse","Game Meat Horse","Game meat, horse, raw","Protein",""
"instant-sweetened-with-sodium-saccharin-tea","Instant Sweetened with Sodium Saccharin Tea","Beverages, tea, instant, sweetened with sodium saccharin, lemon-flavored, powder","Beverages",""
"with-aspartame-powder-cocoa-mix","With Aspartame Powder Cocoa Mix","Beverages, cocoa mix, with aspartame, powder, prepared with water","Beverages",""
"cola-fast-food-cola-carbonated","Cola Fast-Food Cola Carbonated","Beverages, carbonated, cola, fast-food cola","Beverages",""
"frozen-concentrate-fruit-punch-juice-drink","Frozen Concentrate Fruit Punch Juice Drink","Beverages, fruit punch juice drink, frozen concentrate","Beverages",""
"frozen-concentrate-prepared-with-water-fruit-punch-juice-drink","Frozen Concentrate Prepared with Water Fruit Punch Juice Drink","Beverages, fruit punch juice drink, frozen concentrate, prepared with water","Beverages",""
"tap-well-water","Tap Well Water","Beverages, water, tap, well","Beverages",""
"liqueur-coffee-alcoholic-beverage-beverages","Liqueur Coffee Alcoholic Beverage","Alcoholic beverage, liqueur, coffee, 53 proof","Beverages",""
"liqueur-coffee-with-cream-alcoholic-beverage","Liqueur Coffee with Cream Alcoholic Beverage","Alcoholic beverage, liqueur, coffee with cream, 34 proof","Beverages",""
"low-calorie-cola-or-pepper-type-carbonated-beverages","Low Calorie Cola or Pepper-Type Carbonated","Beverages, carbonated, low calorie, cola or pepper-type, with aspartame, contains caffeine","Beverages",""
"breakfast-type-with-juice-and-pulp-orange-drink","Breakfast Type with Juice and Pulp Orange Drink","Beverages, Orange drink, breakfast type, with juice and pulp, frozen concentrate","Beverages",""
"breakfast-type-with-juice-and-pulp-orange-drink-beverages","Breakfast Type with Juice and Pulp Orange Drink","Beverages, Orange drink, breakfast type, with juice and pulp, frozen concentrate, prepared with water","Beverages",""
"fast-food-strawberry-shake","Fast Food Strawberry Shake","Beverages, shake, fast food, strawberry","Beverages",""
"tap-municipal-water","Tap Municipal Water","Beverages, water, tap, municipal","Beverages",""
"dasani-water-the-coca-cola-company","Dasani Water The Coca-Cola Company","Beverages, The COCA-COLA company, DASANI, water, bottled, non-carbonated","Beverages",""
"fruit-flavored-non-carbonated-propel-zero","Fruit-Flavored Non-Carbonated Propel Zero","Beverages, Propel Zero, fruit-flavored, non-carbonated","Beverages",""
"wine-dessert-alcoholic-beverage-beverages","Wine Dessert Alcoholic Beverage","Alcoholic beverage, wine, dessert, dry","Beverages",""
"low-calorie-other-than-cola-or-pepper-carbonated-beverage","Low Calorie Other Than Cola or Pepper Carbonated Beverage","Carbonated beverage, low calorie, other than cola or pepper, with sodium saccharin, without caffeine","Beverages",""
"low-calorie-powder-cocoa-mix","Low Calorie Powder Cocoa Mix","Beverages, Cocoa mix, low calorie, powder, with added calcium, phosphorus, aspartame, without added sodium or vitamin A","Beverages",""
"powder-without-added-sodium-fruit-punch-flavor-drink","Powder Without Added Sodium Fruit Punch-Flavor Drink","Beverages, fruit punch-flavor drink, powder, without added sodium, prepared with water","Beverages",""
"fish-mullet","Fish Mullet","Fish, mullet, striped, raw","Protein",""
"fish-ocean-perch","Fish Ocean Perch","Fish, ocean perch, Atlantic, raw","Protein",""
"fish-pike-protein","Fish Pike","Fish, pike, walleye, raw","Protein",""
"fish-roe","Fish Roe","Fish, roe, mixed species, raw","Protein",""
"fish-roughy","Fish Roughy","Fish, roughy, orange, raw","Protein",""
"fish-sablefish","Fish Sablefish","Fish, sablefish, raw","Protein",""
"fish-sardine","Fish Sardine","Fish, sardine, Atlantic, canned in oil, drained solids with bone","Protein","sardine"
"fish-sardine-protein","Fish Sardine","Fish, sardine, Pacific, canned in tomato sauce, drained solids with bone","Protein","sardine"
"fish-scup","Fish Scup","Fish, scup, raw","Protein",""
"fish-sea-bass","Fish Sea Bass","Fish, sea bass, mixed species, raw","Protein","bass"
"fish-sheepshead","Fish Sheepshead","Fish, sheepshead, raw","Protein",""
"fish-smelt","Fish Smelt","Fish, smelt, rainbow, raw","Protein",""
"fish-sucker","Fish Sucker","Fish, sucker, white, raw","Protein",""
"fish-sunfish","Fish Sunfish","Fish, sunfish, pumpkin seed, raw","Protein",""
"fish-trout-protein","Fish Trout","Fish, trout, mixed species, raw","Protein","trout"
"fish-tuna-salad","Fish Tuna Salad","Fish, tuna salad","Protein","tuna"
"fish-wolffish","Fish Wolffish","Fish, wolffish, Atlantic, raw","Protein",""
"fish-yellowtail","Fish Yellowtail","Fish, yellowtail, mixed species, raw","Protein",""
"crustaceans-crayfish-protein","Crustaceans Crayfish","Crustaceans, crayfish, mixed species, farmed, raw","Protein",""
"salmon-sockeye-protein","Salmon Sockeye","Salmon, sockeye, canned, total can contents","Protein","salmon"
"fish-tilapia-protein","Fish Tilapia","Fish, tilapia, raw","Protein","tilapia"
"black-turtle-beans","Black Turtle Beans","Beans, black turtle, mature seeds, raw","Produce","bean"
"black-turtle-canned-beans","Black Turtle Canned Beans","Beans, black turtle, mature seeds, canned","Produce","bean"
"cranberry-roman-beans","Cranberry (Roman) Beans","Beans, cranberry (roman), mature seeds, raw","Produce","bean"
"great-northern-raw-includes-foods-for-usdas-food-distribution-program-beans","Great Northern Raw (Includes Foods For Usda's Food Distribution Program) Beans","Beans, great northern, mature seeds, raw (Includes foods for USDA's Food Distribution Program)","Produce","bean"
"kidney-beans-produce","Kidney Beans","Beans, kidney, all types, mature seeds, raw","Produce","bean"
"kidney-royal-red-beans","Kidney Royal Red Beans","Beans, kidney, royal red, mature seeds, raw","Produce","bean"
"pinto-raw-includes-foods-for-usdas-food-distribution-program-beans","Pinto Raw (Includes Foods For Usda's Food Distribution Program) Beans","Beans, pinto, mature seeds, raw (Includes foods for USDA's Food Distribution Program)","Produce","bean"
"white-beans","White Beans","Beans, white, mature seeds, raw","Produce","bean"
"white-canned-beans","White Canned Beans","Beans, white, mature seeds, canned","Produce","bean"
"broadbeans-fava-beans","Broadbeans (Fava Beans)","Broadbeans (fava beans), mature seeds, raw","Produce",""
"canned-chili-with-beans","Canned Chili with Beans","Chili with beans, canned","Produce","bean"
"catjang-cowpeas","Catjang Cowpeas","Cowpeas, catjang, mature seeds, raw","Produce",""
"hyacinth-beans","Hyacinth Beans","Hyacinth beans, mature seeds, raw","Produce","bean"
"vitasoy-organic-creamy-original-soymilk-vitasoy-usa","Vitasoy Organic Creamy Original Soymilk Vitasoy Usa","Vitasoy USA, Vitasoy Organic Creamy Original Soymilk","Produce",""
"vitasoy-organic-classic-original-soymilk-vitasoy-usa","Vitasoy Organic Classic Original Soymilk Vitasoy Usa","Vitasoy USA, Vitasoy Organic Classic Original Soymilk","Produce",""
"vitasoy-light-vanilla-soymilk-vitasoy-usa","Vitasoy Light Vanilla Soymilk Vitasoy Usa","Vitasoy USA, Vitasoy Light Vanilla Soymilk","Produce",""
"nonfat-with-added-calcium-soymilk-all-flavors","Nonfat with Added Calcium Soymilk (All Flavors)","Soymilk (all flavors), nonfat, with added calcium, vitamins A and D","Produce",""
"chocolate-nonfat-soymilk","Chocolate Nonfat Soymilk","Soymilk, chocolate, nonfat, with added calcium, vitamins A and D","Produce",""
"soymilk-silk-plain","Soymilk Silk Plain","SILK Plain, soymilk","Produce",""
"soymilk-silk-vanilla","Soymilk Silk Vanilla","SILK Vanilla, soymilk","Produce",""
"soymilk-silk-plus-omega-3-dha","Soymilk Silk Plus Omega-3 Dha","SILK Plus Omega-3 DHA, soymilk","Produce",""
"soymilk-silk-plus-for-bone-health","Soymilk Silk Plus For Bone Health","SILK Plus for Bone Health, soymilk","Produce",""
"soymilk-silk-plus-fiber","Soymilk Silk Plus Fiber","SILK Plus Fiber, soymilk","Produce",""
"soymilk-silk-unsweetened","Soymilk Silk Unsweetened","SILK Unsweetened, soymilk","Produce",""
"soymilk-silk-coffee","Soymilk Silk Coffee","SILK Coffee, soymilk","Produce",""
"silk-vanilla-soy-yogurt-family-size","Silk Vanilla Soy Yogurt (Family Size)","SILK Vanilla soy yogurt (family size)","Produce",""
"silk-vanilla-soy-yogurt-single-serving-size","Silk Vanilla Soy Yogurt (Single Serving Size)","SILK Vanilla soy yogurt (single serving size)","Produce",""
"silk-plain-soy-yogurt","Silk Plain Soy Yogurt","SILK Plain soy yogurt","Produce",""
"silk-strawberry-soy-yogurt","Silk Strawberry Soy Yogurt","SILK Strawberry soy yogurt","Produce",""
"silk-key-lime-soy-yogurt","Silk Key Lime Soy Yogurt","SILK Key Lime soy yogurt","Produce","lime"
"silk-banana-strawberry-soy-yogurt","Silk Banana-Strawberry Soy Yogurt","SILK Banana-Strawberry soy yogurt","Produce",""
"silk-original-creamer","Silk Original Creamer","SILK Original Creamer","Produce",""
"silk-french-vanilla-creamer","Silk French Vanilla Creamer","SILK French Vanilla Creamer","Produce",""
"tofu-plus-firm-vitasoy-usa-organic-nasoya","Tofu Plus Firm Vitasoy Usa Organic Nasoya","Vitasoy USA Organic Nasoya, Tofu Plus Firm","Produce",""
"tofu-plus-super-firm-vitasoy-usa-organic-nasoya-sprouted","Tofu Plus Super Firm Vitasoy Usa Organic Nasoya Sprouted","Vitasoy USA Organic Nasoya Sprouted, Tofu Plus Super Firm","Produce",""
"extra-firm-tofu-vitasoy-usa-azumaya","Extra Firm Tofu Vitasoy Usa Azumaya","Vitasoy USA Azumaya, Extra Firm Tofu","Produce",""
"firm-tofu-vitasoy-usa-azumaya","Firm Tofu Vitasoy Usa Azumaya","Vitasoy USA Azumaya, Firm Tofu","Produce",""
"black-canned-beans-produce","Black Canned Beans","Beans, black, mature seeds, canned, low sodium","Produce","bean"
"oil-roasted-without-salt-peanuts","Oil-Roasted Without Salt Peanuts","Peanuts, all types, oil-roasted, without salt","Produce",""
"veal-leg-top-round","Veal Leg (Top Round)","Veal, leg (top round), separable lean and fat, raw","Protein","veal"
"veal-leg-top-round-protein","Veal Leg (Top Round)","Veal, leg (top round), separable lean only, raw","Protein","veal"
"veal-rib-protein","Veal Rib","Veal, rib, separable lean and fat, raw","Protein","veal"
"veal-sirloin-protein","Veal Sirloin","Veal, sirloin, separable lean and fat, raw","Protein","veal"
"veal","Veal","Veal, ground, raw","Protein","veal"
"game-meat-antelope","Game Meat Antelope","Game meat, antelope, raw","Protein",""
"bison-grass-fed","Bison Grass-Fed","Bison, ground, grass-fed, raw","Protein","bison"
"game-meat-beaver","Game Meat Beaver","Game meat, beaver, raw","Protein",""
"game-meat-beefalo","Game Meat Beefalo","Game meat, beefalo, composite of cuts, raw","Protein",""
"game-meat-boar","Game Meat Boar","Game meat, boar, wild, raw","Protein",""
"game-meat-buffalo","Game Meat Buffalo","Game meat, buffalo, water, raw","Protein",""
"game-meat-elk-protein","Game Meat Elk","Game meat, elk, raw","Protein",""
"game-meat-goat","Game Meat Goat","Game meat, goat, raw","Protein","goat"
